,dna_sid,experiment_id,sample_id,sample_type,description,sample_replicate,sample_diameter_mm,digestion_volume_ul,digested_sample_volume_ul,buffer_volume_ul,dilution_factor,assay_volume_ul,std_conc_ng_per_well,biopsy_region,culture_duration_days,master_well_plate_location,abs,sheet_name,location,ng_per_well,ug_per_ml,ug_per_biopsy,ug_per_cm2,r_squared,data_check,avg_ug_per_cm2,avg_ug_per_cm2_std
0,DNA288-1,DNA288,STD 1,standard,,,,,,,,20,80,,,,11316721,Plate1,A1,,,,,0.9953028818179048,,,
1,DNA288-1,DNA288,STD 1,standard,,,,,,,,20,80,,,,10590487,Plate1,A2,,,,,0.9953028818179048,,,
2,DNA288-1,DNA288,STD 1,standard,,,,,,,,20,80,,,,10496463,Plate2,A1,,,,,0.9948614745010336,,,
3,DNA288-1,DNA288,STD 1,standard,,,,,,,,20,80,,,,10023282,Plate2,A2,,,,,0.9948614745010336,,,
4,DNA288-1,DNA288,STD 1,standard,,,,,,,,20,80,,,,10954548,Plate3,A1,,,,,0.9948561918820031,,,
5,DNA288-1,DNA288,STD 1,standard,,,,,,,,20,80,,,,10433220,Plate3,A2,,,,,0.9948561918820031,,,
6,DNA288-10,DNA288,"2 EXP177B
ODFC-SV40 - D
",sample,,2,8,500,10,390,40,20,,,,,21636300,Plate1,B3,158.3331211308607,316.6662422617214,158.3331211308607,314.99373603930377,,,317.8147012402506,5.919800555163904
7,DNA288-10,DNA288,"2 EXP177B
ODFC-SV40 - D
",sample,,2,8,500,10,390,40,20,,,,,22281470,Plate1,B4,163.17048640385184,326.3409728077037,163.17048640385184,324.617368473524,,,317.8147012402506,5.919800555163904
8,DNA288-10,DNA288,"2 EXP177B
ODFC-SV40 - D
",sample,,2,8,500,10,390,40,20,,,,,21558484,Plate1,B5,157.7496711625065,315.499342325013,157.7496711625065,313.83299920792405,,,317.8147012402506,5.919800555163904
9,DNA288-11,DNA288,"3 EXP177B
ODFC-SV40 - E
",sample,,3,8,500,10,390,40,20,,,,,27655236,Plate1,C3,203.46198947061026,406.9239789412205,203.46198947061026,404.7747669444848,,,396.66389906371387,8.597960209782235
10,DNA288-11,DNA288,"3 EXP177B
ODFC-SV40 - E
",sample,,3,8,500,10,390,40,20,,,,,27172014,Plate1,C4,199.83888033356837,399.67776066713674,199.83888033356837,397.56682033796443,,,396.66389906371387,8.597960209782235
11,DNA288-11,DNA288,"3 EXP177B
ODFC-SV40 - E
",sample,,3,8,500,10,390,40,20,,,,,26507196,Plate1,C5,194.85419799238787,389.70839598477573,194.85419799238787,387.65010990869246,,,396.66389906371387,8.597960209782235
12,DNA288-12,DNA288,"1 EXP163B
F4-ST_P20 - A
",sample,,1,8,500,10,390,40,20,,,,,26823476,Plate1,D3,197.22560690560707,394.4512138112141,197.22560690560704,392.36787804158007,,,383.6717789892975,14.360529537100053
13,DNA288-12,DNA288,"1 EXP163B
F4-ST_P20 - A
",sample,,1,8,500,10,390,40,20,,,,,26768718,Plate1,D4,196.8150415544307,393.63008310886147,196.81504155443074,391.55108422780546,,,383.6717789892975,14.360529537100053
14,DNA288-12,DNA288,"1 EXP163B
F4-ST_P20 - A
",sample,,1,8,500,10,390,40,20,,,,,25129270,Plate1,D5,184.52276382596412,369.0455276519282,184.5227638259641,367.09637469850696,,,383.6717789892975,14.360529537100053
15,DNA288-13,DNA288,"2 EXP163B
F4-ST_P20 - B
",sample,,2,8,500,10,390,40,20,,,,,41367008,Plate1,E3,306.2703185993241,612.5406371986483,306.2703185993241,609.305439092651,,,587.2138101184607,20.708979526192987
16,DNA288-13,DNA288,"2 EXP163B
F4-ST_P20 - B
",sample,,2,8,500,10,390,40,20,,,,,39676872,Plate1,E4,293.59799162653843,587.1959832530769,293.59799162653843,584.0946456152061,,,587.2138101184607,20.708979526192987
17,DNA288-13,DNA288,"2 EXP163B
F4-ST_P20 - B
",sample,,2,8,500,10,390,40,20,,,,,38614064,Plate1,E5,285.62925391235893,571.2585078247179,285.62925391235893,568.2413456475251,,,587.2138101184607,20.708979526192987
18,DNA288-14,DNA288,"3 EXP163B
F4-ST_P20 - C
",sample,,3,8,500,10,390,40,20,,,,,21994858,Plate1,F3,161.0215226646474,322.0430453292947,161.02152266464736,320.34214095327854,,,321.5935796166639,2.0673339886657986
19,DNA288-14,DNA288,"3 EXP163B
F4-ST_P20 - C
",sample,,3,8,500,10,390,40,20,,,,,22002680,Plate1,F4,161.08017057320689,322.16034114641377,161.08017057320689,320.4588172601442,,,321.5935796166639,2.0673339886657986
20,DNA288-14,DNA288,"3 EXP163B
F4-ST_P20 - C
",sample,,3,8,500,10,390,40,20,,,,,22238726,Plate1,F5,162.84999980151645,325.6999996030329,162.84999980151645,323.97978063656893,,,321.5935796166639,2.0673339886657986
21,DNA288-15,DNA288,"4 EXP163B
F7-ST_P20 - A
",sample,,1,8,500,10,390,40,20,,,,,62807272,Plate1,G3,467.0254506069535,934.050901213907,467.0254506069535,929.1176126727057,,,906.6617642818906,29.665205103500302
22,DNA288-15,DNA288,"4 EXP163B
F7-ST_P20 - A
",sample,,1,8,500,10,390,40,20,,,,,62050904,Plate1,G4,461.35434330685933,922.7086866137187,461.35434330685933,917.8353031775242,,,906.6617642818906,29.665205103500302
23,DNA288-15,DNA288,"4 EXP163B
F7-ST_P20 - A
",sample,,1,8,500,10,390,40,20,,,,,59047308,Plate1,G5,438.8339363063864,877.6678726127727,438.83393630638636,873.0323769954417,,,906.6617642818906,29.665205103500302
24,DNA288-16,DNA288,"5 EXP163B
F7-ST_P20 - B
",sample,,2,8,500,10,390,40,20,,,,,49069728,Plate1,H3,364.0238877912803,728.0477755825606,364.0238877912803,724.2025143188963,,,695.1903982116846,26.00286406132881
25,DNA288-16,DNA288,"5 EXP163B
F7-ST_P20 - B
",sample,,2,8,500,10,390,40,20,,,,,46601340,Plate1,H4,345.51637133597694,691.0327426719539,345.51637133597694,687.3829802161948,,,695.1903982116846,26.00286406132881
26,DNA288-16,DNA288,"5 EXP163B
F7-ST_P20 - B
",sample,,2,8,500,10,390,40,20,,,,,45703184,Plate1,H5,338.78216384937866,677.5643276987573,338.78216384937866,673.9857000999627,,,695.1903982116846,26.00286406132881
27,DNA288-17,DNA288,"6 EXP163B
F7-ST_P20 - C
",sample,,3,8,500,10,390,40,20,,,,,25173462,Plate1,A6,184.85410726435094,369.70821452870183,184.85410726435092,367.75556152451105,,,360.7842392017942,26.76448355494655
28,DNA288-17,DNA288,"6 EXP163B
F7-ST_P20 - C
",sample,,3,8,500,10,390,40,20,,,,,26220474,Plate1,A7,192.7044094935386,385.40881898707715,192.70440949353858,383.37324158126785,,,360.7842392017942,26.76448355494655
29,DNA288-17,DNA288,"6 EXP163B
F7-ST_P20 - C
",sample,,3,8,500,10,390,40,20,,,,,22724374,Plate1,A8,166.49129863763343,332.98259727526687,166.49129863763343,331.2239144996037,,,360.7842392017942,26.76448355494655
30,DNA288-18,DNA288,"7 EXP163B
F4-ST_P21 - A
",sample,,1,8,500,10,390,40,20,,,,,24252274,Plate1,B6,177.94721010376355,355.89442020752705,177.94721010376352,354.0147262178253,,,349.8019786461043,10.225544045833946
31,DNA288-18,DNA288,"7 EXP163B
F4-ST_P21 - A
",sample,,1,8,500,10,390,40,20,,,,,24469044,Plate1,B7,179.57251145104613,359.14502290209225,179.57251145104613,357.2481605107496,,,349.8019786461043,10.225544045833946
32,DNA288-18,DNA288,"7 EXP163B
F4-ST_P21 - A
",sample,,1,8,500,10,390,40,20,,,,,23188234,Plate1,B8,169.96923508156243,339.93847016312486,169.96923508156243,338.1430492097381,,,349.8019786461043,10.225544045833946
33,DNA288-19,DNA288,"8 EXP163B
F4-ST_P21 - B
",sample,,2,8,500,10,390,40,20,,,,,27726296,Plate1,C6,203.99478420114448,407.98956840228897,203.99478420114448,405.83472838220774,,,402.3297951947089,15.68314937162365
34,DNA288-19,DNA288,"8 EXP163B
F4-ST_P21 - B
",sample,,2,8,500,10,390,40,20,,,,,28405360,Plate1,C7,209.08628041414022,418.1725608282804,209.0862804141402,415.9639382576069,,,402.3297951947089,15.68314937162365
35,DNA288-19,DNA288,"8 EXP163B
F4-ST_P21 - B
",sample,,2,8,500,10,390,40,20,,,,,26342318,Plate1,C8,193.61797325862742,387.2359465172549,193.61797325862744,385.19071894431204,,,402.3297951947089,15.68314937162365
36,DNA288-2,DNA288,STD 2,standard,,,,,,,,20,70,,,,9557031,Plate1,B1,,,,,0.9953028818179048,,,
37,DNA288-2,DNA288,STD 2,standard,,,,,,,,20,70,,,,9785369,Plate1,B2,,,,,0.9953028818179048,,,
38,DNA288-2,DNA288,STD 2,standard,,,,,,,,20,70,,,,9027719,Plate2,B1,,,,,0.9948614745010336,,,
39,DNA288-2,DNA288,STD 2,standard,,,,,,,,20,70,,,,9541696,Plate2,B2,,,,,0.9948614745010336,,,
40,DNA288-2,DNA288,STD 2,standard,,,,,,,,20,70,,,,9517505,Plate3,B1,,,,,0.9948561918820031,,,
41,DNA288-2,DNA288,STD 2,standard,,,,,,,,20,70,,,,9893645,Plate3,B2,,,,,0.9948561918820031,,,
42,DNA288-20,DNA288,"9 EXP163B
F4-ST_P21 - C
",sample,,3,8,500,10,390,40,20,,,,,35132188,Plate1,D6,259.52279197634005,519.0455839526801,259.52279197634005,516.3041898505523,,,474.6417686093394,40.14228628830037
43,DNA288-20,DNA288,"9 EXP163B
F4-ST_P21 - C
",sample,,3,8,500,10,390,40,20,,,,,32122178,Plate1,D7,236.95429399076096,473.9085879815219,236.95429399076096,471.40558969349746,,,474.6417686093394,40.14228628830037
44,DNA288-20,DNA288,"9 EXP163B
F4-ST_P21 - C
",sample,,3,8,500,10,390,40,20,,,,,29763030,Plate1,D8,219.2658388408834,438.5316776817667,219.26583884088336,436.21552628396853,,,474.6417686093394,40.14228628830037
45,DNA288-21,DNA288,"10 EXP163B
F7-ST_P21 - A
",sample,,1,8,500,10,390,40,20,,,,,21903968,Plate1,E6,160.34004626360243,320.6800925272049,160.34004626360246,318.98638673044394,,,314.9781732318168,17.541804124503653
46,DNA288-21,DNA288,"10 EXP163B
F7-ST_P21 - A
",sample,,1,8,500,10,390,40,20,,,,,22653652,Plate1,E7,165.96103816855322,331.92207633710643,165.96103816855322,330.16899481484944,,,314.9781732318168,17.541804124503653
47,DNA288-21,DNA288,"10 EXP163B
F7-ST_P21 - A
",sample,,1,8,500,10,390,40,20,,,,,20348150,Plate1,E8,148.67481079962468,297.34962159924936,148.67481079962468,295.7791381501571,,,314.9781732318168,17.541804124503653
48,DNA288-22,DNA288,"11 EXP163B
F7-ST_P21 - B
",sample,,2,8,500,10,390,40,20,,,,,22101850,Plate1,F6,161.82372888205964,323.6474577641193,161.82372888205964,321.93807951428124,,,328.24045966649265,11.027298103860472
49,DNA288-22,DNA288,"11 EXP163B
F7-ST_P21 - B
",sample,,2,8,500,10,390,40,20,,,,,23377986,Plate1,F7,171.3919604644547,342.7839209289094,171.3919604644547,340.9734714266083,,,328.24045966649265,11.027298103860472
50,DNA288-22,DNA288,"11 EXP163B
F7-ST_P21 - B
",sample,,2,8,500,10,390,40,20,,,,,22093252,Plate1,F8,161.7592626690969,323.5185253381938,161.7592626690969,321.8098280585883,,,328.24045966649265,11.027298103860472
51,DNA288-23,DNA288,"12 EXP163B
F7-ST_P21 - C
",sample,,3,8,500,10,390,40,20,,,,,23402268,Plate1,G6,171.57402240713458,343.14804481426916,171.57402240713458,341.33567215318845,,,337.02809587079923,12.799672554915347
52,DNA288-23,DNA288,"12 EXP163B
F7-ST_P21 - C
",sample,,3,8,500,10,390,40,20,,,,,23789936,Plate1,G7,174.48068533419246,348.961370668385,174.4806853341925,347.1182943124788,,,337.02809587079923,12.799672554915347
53,DNA288-23,DNA288,"12 EXP163B
F7-ST_P21 - C
",sample,,3,8,500,10,390,40,20,,,,,22148258,Plate1,G8,162.1716874783815,324.343374956763,162.1716874783815,322.6303211467305,,,337.02809587079923,12.799672554915347
54,DNA288-24,DNA288,"13 EXP163B
F4-ST_P22 - A
",sample,,1,8,500,10,390,40,20,,,,,33414556,Plate1,H6,246.64430508361673,493.2886101672334,246.6443050836167,490.68325424403855,,,491.89026183786996,21.477469689151526
55,DNA288-24,DNA288,"13 EXP163B
F4-ST_P22 - A
",sample,,1,8,500,10,390,40,20,,,,,34974080,Plate1,H7,258.3373274498089,516.6746548996178,258.3373274498089,513.9457831098333,,,491.89026183786996,21.477469689151526
56,DNA288-24,DNA288,"13 EXP163B
F4-ST_P22 - A
",sample,,1,8,500,10,390,40,20,,,,,32097786,Plate1,H8,236.7714072884363,473.5428145768726,236.7714072884363,471.0417481597381,,,491.89026183786996,21.477469689151526
57,DNA288-25,DNA288,"14 EXP163B
F4-ST_P22 - B
",sample,,2,8,500,10,390,40,20,,,,,16834546,Plate1,A9,122.33045819078856,244.66091638157712,122.33045819078856,243.36871389700542,,,248.07074022525936,4.074448184596429
58,DNA288-25,DNA288,"14 EXP163B
F4-ST_P22 - B
",sample,,2,8,500,10,390,40,20,,,,,17298060,Plate1,A10,125.80580039074397,251.61160078148794,125.80580039074397,250.28268752274,,,248.07074022525936,4.074448184596429
59,DNA288-25,DNA288,"14 EXP163B
F4-ST_P22 - B
",sample,,2,8,500,10,390,40,20,,,,,17316706,Plate1,A11,125.94560464835078,251.89120929670156,125.94560464835078,250.56081925603272,,,248.07074022525936,4.074448184596429
60,DNA288-26,DNA288,"15 EXP163B
F4-ST_P22 - C
",sample,,3,8,500,10,390,40,20,,,,,34464908,Plate1,B9,254.5196500147462,509.0393000294924,254.5196500147462,506.3507551733256,,,505.28104833538714,6.5968864531148155
61,DNA288-26,DNA288,"15 EXP163B
F4-ST_P22 - C
",sample,,3,8,500,10,390,40,20,,,,,34795212,Plate1,B10,256.9962082848611,513.9924165697222,256.9962082848611,511.27771130512434,,,505.28104833538714,6.5968864531148155
62,DNA288-26,DNA288,"15 EXP163B
F4-ST_P22 - C
",sample,,3,8,500,10,390,40,20,,,,,33919464,Plate1,B11,250.43001183572144,500.8600236714429,250.43001183572144,498.2146785277115,,,505.28104833538714,6.5968864531148155
63,DNA288-27,DNA288,"16 EXP163B
F7-ST_P22 - A
",sample,,1,8,500,10,390,40,20,,,,,26462652,Plate1,C9,194.5202153231377,389.0404306462754,194.5202153231377,386.98567249971506,,,385.0909976449641,5.58316293895251
64,DNA288-27,DNA288,"16 EXP163B
F7-ST_P22 - A
",sample,,1,8,500,10,390,40,20,,,,,26629890,Plate1,C10,195.7741349001864,391.5482698003728,195.7741349001864,389.48026623630255,,,385.0909976449641,5.58316293895251
65,DNA288-27,DNA288,"16 EXP163B
F7-ST_P22 - A
",sample,,1,8,500,10,390,40,20,,,,,25914356,Plate1,C11,190.40919337586809,380.81838675173617,190.40919337586809,378.8070541988747,,,385.0909976449641,5.58316293895251
66,DNA288-28,DNA288,"17 EXP163B
F7-ST_P22 - B
",sample,,2,8,500,10,390,40,20,,,,,26207862,Plate1,D9,192.60984705135598,385.21969410271197,192.60984705135598,383.1851155799653,,,407.15404674137966,25.341085456134213
67,DNA288-28,DNA288,"17 EXP163B
F7-ST_P22 - B
",sample,,2,8,500,10,390,40,20,,,,,27643704,Plate1,D10,203.3755246685765,406.751049337153,203.3755246685765,404.6027506863956,,,407.15404674137966,25.341085456134213
68,DNA288-28,DNA288,"17 EXP163B
F7-ST_P22 - B
",sample,,2,8,500,10,390,40,20,,,,,29592664,Plate1,D11,217.98846609866285,435.97693219732577,217.98846609866288,433.67427395777804,,,407.15404674137966,25.341085456134213
69,DNA288-29,DNA288,"18 EXP163B
F7-ST_P22 - C
",sample,,3,8,500,10,390,40,20,,,,,21915138,Plate1,E9,160.42379685662337,320.8475937132467,160.42379685662334,319.1530032412708,,,327.58138222763387,9.008099121497667
70,DNA288-29,DNA288,"18 EXP163B
F7-ST_P22 - C
",sample,,3,8,500,10,390,40,20,,,,,23116602,Plate1,E10,169.43215160087533,338.86430320175066,169.43215160087533,337.0745555746837,,,327.58138222763387,9.008099121497667
71,DNA288-29,DNA288,"18 EXP163B
F7-ST_P22 - C
",sample,,3,8,500,10,390,40,20,,,,,22408794,Plate1,E11,164.12513819488106,328.2502763897622,164.1251381948811,326.51658786694696,,,327.58138222763387,9.008099121497667
72,DNA288-3,DNA288,STD 3,standard,,,,,,,,20,60,,,,8568551,Plate1,C1,,,,,0.9953028818179048,,,
73,DNA288-3,DNA288,STD 3,standard,,,,,,,,20,60,,,,8766098,Plate1,C2,,,,,0.9953028818179048,,,
74,DNA288-3,DNA288,STD 3,standard,,,,,,,,20,60,,,,8225726,Plate2,C1,,,,,0.9948614745010336,,,
75,DNA288-3,DNA288,STD 3,standard,,,,,,,,20,60,,,,8367034,Plate2,C2,,,,,0.9948614745010336,,,
76,DNA288-3,DNA288,STD 3,standard,,,,,,,,20,60,,,,8680572,Plate3,C1,,,,,0.9948561918820031,,,
77,DNA288-3,DNA288,STD 3,standard,,,,,,,,20,60,,,,8659064,Plate3,C2,,,,,0.9948561918820031,,,
78,DNA288-30,DNA288,"19 EXP163B
F4-ST_P23 - A
",sample,,1,8,500,10,390,40,20,,,,,32854890,Plate1,F9,242.44803298033563,484.8960659606713,242.44803298033565,482.33503614659105,,,482.2389146787513,0.7235970569799001
79,DNA288-30,DNA288,"19 EXP163B
F4-ST_P23 - A
",sample,,1,8,500,10,390,40,20,,,,,32797036,Plate1,F10,242.01425439406592,484.02850878813183,242.01425439406592,481.472061068938,,,482.2389146787513,0.7235970569799001
80,DNA288-30,DNA288,"19 EXP163B
F4-ST_P23 - A
",sample,,1,8,500,10,390,40,20,,,,,32893412,Plate1,F11,242.736863807941,485.473727615882,242.736863807941,482.90964682072496,,,482.2389146787513,0.7235970569799001
81,DNA288-31,DNA288,"20 EXP163B
F4-ST_P23 - B
",sample,,2,8,500,10,390,40,20,,,,,32291616,Plate1,G9,238.22470876070543,476.44941752141085,238.22470876070543,473.93299957366764,,,484.60379514961346,9.526515122168432
82,DNA288-31,DNA288,"20 EXP163B
F4-ST_P23 - B
",sample,,2,8,500,10,390,40,20,,,,,33209536,Plate1,G10,245.10710306202762,490.2142061240552,245.1071030620276,487.62508799070406,,,484.60379514961346,9.526515122168432
83,DNA288-31,DNA288,"20 EXP163B
F4-ST_P23 - B
",sample,,2,8,500,10,390,40,20,,,,,33519812,Plate1,G11,247.4334950942712,494.8669901885424,247.4334950942712,492.2532978844687,,,484.60379514961346,9.526515122168432
84,DNA288-32,DNA288,"21 EXP163B
F4-ST_P23 - C
",sample,,3,8,500,10,390,40,20,,,,,32306108,Plate1,H9,238.333367094999,476.666734189998,238.333367094999,474.14916846130455,,,487.3667453864203,12.162885887350056
85,DNA288-32,DNA288,"21 EXP163B
F4-ST_P23 - C
",sample,,3,8,500,10,390,40,20,,,,,33910932,Plate1,H10,250.36604047854559,500.73208095709117,250.36604047854559,498.08741155632606,,,487.3667453864203,12.162885887350056
86,DNA288-32,DNA288,"21 EXP163B
F4-ST_P23 - C
",sample,,3,8,500,10,390,40,20,,,,,33359610,Plate1,H11,246.23233014322926,492.4646602864586,246.2323301432293,489.8636561416305,,,487.3667453864203,12.162885887350056
87,DNA288-33,DNA288,"22 EXP163B
F7-ST_P23 - A
",sample,,1,8,500,10,390,40,20,,,,,24087344,Plate2,A3,186.38247299022186,372.7649459804437,186.38247299022186,370.79614852606846,,,377.0912020584501,16.490326431641165
88,DNA288-33,DNA288,"22 EXP163B
F7-ST_P23 - A
",sample,,1,8,500,10,390,40,20,,,,,23697810,Plate2,A4,183.30596407222367,366.6119281444474,183.3059640722237,364.6756285039972,,,377.0912020584501,16.490326431641165
89,DNA288-33,DNA288,"22 EXP163B
F7-ST_P23 - A
",sample,,1,8,500,10,390,40,20,,,,,25678804,Plate2,A5,198.9516989952366,397.9033979904732,198.9516989952366,395.8018291452846,,,377.0912020584501,16.490326431641165
90,DNA288-34,DNA288,"23 EXP163B
F7-ST_P23 - B
",sample,,2,8,500,10,390,40,20,,,,,23498602,Plate2,B3,181.7326349442488,363.4652698884975,181.73263494424876,361.54558965615126,,,352.1670584002383,12.609367577078599
91,DNA288-34,DNA288,"23 EXP163B
F7-ST_P23 - B
",sample,,2,8,500,10,390,40,20,,,,,21989418,Plate2,B4,169.81321832105237,339.62643664210475,169.81321832105237,337.8326637267336,,,352.1670584002383,12.609367577078599
92,DNA288-34,DNA288,"23 EXP163B
F7-ST_P23 - B
",sample,,2,8,500,10,390,40,20,,,,,23217126,Plate2,B5,179.50955961782677,359.01911923565353,179.50955961782677,357.12292181783016,,,352.1670584002383,12.609367577078599
93,DNA288-35,DNA288,"24 EXP163B
F7-ST_P23 - C
",sample,,3,8,500,10,390,40,20,,,,,21684812,Plate2,C3,167.40746407244825,334.81492814489644,167.40746407244822,333.0465677201126,,,324.5803831021181,7.411446748734173
94,DNA288-35,DNA288,"24 EXP163B
F7-ST_P23 - C
",sample,,3,8,500,10,390,40,20,,,,,20807670,Plate2,C4,160.47986549221963,320.95973098443926,160.47986549221963,319.2645482476154,,,324.5803831021181,7.411446748734173
95,DNA288-35,DNA288,"24 EXP163B
F7-ST_P23 - C
",sample,,3,8,500,10,390,40,20,,,,,20945490,Plate2,C5,161.56835702076017,323.13671404152035,161.56835702076017,321.4300333386264,,,324.5803831021181,7.411446748734173
96,DNA288-36,DNA288,"25 EXP163B
F4-ST_P24 - A
",sample,,1,8,500,10,390,40,20,,,,,30659392,Plate2,D3,238.28799158811626,476.5759831762325,238.28799158811626,474.05889675860846,,,446.0857169914315,25.57673604726515
97,DNA288-36,DNA288,"25 EXP163B
F4-ST_P24 - A
",sample,,1,8,500,10,390,40,20,,,,,28511002,Plate2,D4,221.32017621298053,442.64035242596105,221.32017621298053,440.30250062831453,,,446.0857169914315,25.57673604726515
98,DNA288-36,DNA288,"25 EXP163B
F4-ST_P24 - A
",sample,,1,8,500,10,390,40,20,,,,,27466812,Plate2,D5,213.07324565727924,426.14649131455855,213.07324565727927,423.8957535873715,,,446.0857169914315,25.57673604726515
99,DNA288-37,DNA288,"26 EXP163B
F4-ST_P24 - B
",sample,,2,8,500,10,390,40,20,,,,,28823336,Plate2,E3,223.78696559823072,447.57393119646144,223.78696559823072,445.21002218117934,,,438.06722098807785,6.234046438890208
100,DNA288-37,DNA288,"26 EXP163B
F4-ST_P24 - B
",sample,,2,8,500,10,390,40,20,,,,,28190684,Plate2,E4,218.79032982320365,437.5806596464073,218.79032982320365,435.26953115086235,,,438.06722098807785,6.234046438890208
101,DNA288-37,DNA288,"26 EXP163B
F4-ST_P24 - B
",sample,,2,8,500,10,390,40,20,,,,,28092200,Plate2,E5,218.01251093119384,436.02502186238763,218.01251093119382,433.722109632192,,,438.06722098807785,6.234046438890208
102,DNA288-38,DNA288,"27 EXP163B
F4-ST_P24 - C
",sample,,3,8,500,10,390,40,20,,,,,26702104,Plate2,F3,207.0336419727111,414.0672839454223,207.03364197271114,411.8803438284334,,,409.1039181267315,8.399590507341951
103,DNA288-38,DNA288,"27 EXP163B
F4-ST_P24 - C
",sample,,3,8,500,10,390,40,20,,,,,25924838,Plate2,F4,200.89485619109314,401.7897123821863,200.89485619109314,399.66761755684905,,,409.1039181267315,8.399590507341951
104,DNA288-38,DNA288,"27 EXP163B
F4-ST_P24 - C
",sample,,3,8,500,10,390,40,20,,,,,26949262,Plate2,F5,208.98567643223095,417.9713528644619,208.98567643223095,415.7637929949121,,,409.1039181267315,8.399590507341951
105,DNA288-39,DNA288,"28 EXP163B
F7-ST_P24 - A
",sample,,1,8,500,10,390,40,20,,,,,24666322,Plate2,G3,190.95519573156093,381.91039146312187,190.95519573156093,379.89329137197893,,,376.33196767117414,3.0914469192944973
106,DNA288-39,DNA288,"28 EXP163B
F7-ST_P24 - A
",sample,,1,8,500,10,390,40,20,,,,,24312870,Plate2,G4,188.16365961382974,376.3273192276595,188.16365961382974,374.3397067225229,,,376.33196767117414,3.0914469192944973
107,DNA288-39,DNA288,"28 EXP163B
F7-ST_P24 - A
",sample,,1,8,500,10,390,40,20,,,,,24339804,Plate2,G5,188.37638222905036,376.7527644581007,188.37638222905036,374.7629049190204,,,376.33196767117414,3.0914469192944973
108,DNA288-4,DNA288,STD 4,standard,,,,,,,,20,40,,,,6100719,Plate1,D1,,,,,0.9953028818179048,,,
109,DNA288-4,DNA288,STD 4,standard,,,,,,,,20,40,,,,6336778,Plate1,D2,,,,,0.9953028818179048,,,
110,DNA288-4,DNA288,STD 4,standard,,,,,,,,20,40,,,,6026904,Plate2,D1,,,,,0.9948614745010336,,,
111,DNA288-4,DNA288,STD 4,standard,,,,,,,,20,40,,,,5740199,Plate2,D2,,,,,0.9948614745010336,,,
112,DNA288-4,DNA288,STD 4,standard,,,,,,,,20,40,,,,6192364,Plate3,D1,,,,,0.9948561918820031,,,
113,DNA288-4,DNA288,STD 4,standard,,,,,,,,20,40,,,,6074094,Plate3,D2,,,,,0.9948561918820031,,,
114,DNA288-40,DNA288,"29 EXP163B
F7-ST_P24 - B
",sample,,2,8,500,10,390,40,20,,,,,26996516,Plate2,H3,209.35888481047544,418.71776962095083,209.35888481047542,416.50626747242353,,,432.43427816588684,27.51380670556761
115,DNA288-40,DNA288,"29 EXP163B
F7-ST_P24 - B
",sample,,2,8,500,10,390,40,20,,,,,27001980,Plate2,H4,209.4020390530523,418.80407810610455,209.40203905305228,416.59212011019224,,,432.43427816588684,27.51380670556761
116,DNA288-40,DNA288,"29 EXP163B
F7-ST_P24 - B
",sample,,2,8,500,10,390,40,20,,,,,30032216,Plate2,H5,233.33460483072298,466.6692096614459,233.33460483072295,464.20444691504497,,,432.43427816588684,27.51380670556761
117,DNA288-41,DNA288,"30 EXP163B
F7-ST_P24 - C
",sample,,3,8,500,10,390,40,20,,,,,26117034,Plate2,A6,202.41280509415054,404.8256101883011,202.41280509415054,402.6874809478804,,,394.50946202839947,7.20475812890616
118,DNA288-41,DNA288,"30 EXP163B
F7-ST_P24 - C
",sample,,3,8,500,10,390,40,20,,,,,25420470,Plate2,A7,196.91139736605368,393.82279473210735,196.91139736605368,391.74277802424825,,,394.50946202839947,7.20475812890616
119,DNA288-41,DNA288,"30 EXP163B
F7-ST_P24 - C
",sample,,3,8,500,10,390,40,20,,,,,25252154,Plate2,A8,195.58205082623488,391.16410165246975,195.58205082623488,389.0981271130699,,,394.50946202839947,7.20475812890616
120,DNA288-42,DNA288,PN2 P15 A3,sample,EXP143,1,8,500,10,390,40,20,,,,,1296515,Plate2,B6,6.382296710174776,12.764593420349552,6.382296710174776,12.697175871293215,,,12.25599219662964,0.5018360731205872
121,DNA288-42,DNA288,PN2 P15 A3,sample,EXP143,1,8,500,10,390,40,20,,,,,1275104,Plate2,B7,6.2131943148941104,12.42638862978822,6.21319431489411,12.360757345073244,,,12.25599219662964,0.5018360731205872
122,DNA288-42,DNA288,PN2 P15 A3,sample,EXP143,1,8,500,10,390,40,20,,,,,1233690,Plate2,B8,5.886109797676159,11.772219595352318,5.886109797676159,11.710043373522458,,,12.25599219662964,0.5018360731205872
123,DNA288-43,DNA288,PN2 P15 A4,sample,EXP143,2,8,500,10,390,40,20,,,,,1367763,Plate2,C6,6.945007814698478,13.890015629396956,6.945007814698478,13.816654044013807,,,13.592265039625998,0.44460532376823897
124,DNA288-43,DNA288,PN2 P15 A4,sample,EXP143,2,8,500,10,390,40,20,,,,,1320891,Plate2,C7,6.5748164424321,13.1496328848642,6.5748164424321,13.080181709186732,,,13.592265039625998,0.44460532376823897
125,DNA288-43,DNA288,PN2 P15 A4,sample,EXP143,2,8,500,10,390,40,20,,,,,1371792,Plate2,C8,6.9768285400539405,13.95365708010788,6.97682854005394,13.879959365677449,,,13.592265039625998,0.44460532376823897
126,DNA288-44,DNA288,F4 P15 A3,sample,EXP143,1,8,500,10,390,40,20,,,,,1222764,Plate2,D6,5.799817108365218,11.599634216730436,5.799817108365218,11.53836952281584,,,10.91111942493537,0.7488109123686931
127,DNA288-44,DNA288,F4 P15 A3,sample,EXP143,1,8,500,10,390,40,20,,,,,1195685,Plate2,D7,5.585949294540306,11.171898589080612,5.585949294540306,11.112893026084691,,,10.91111942493537,0.7488109123686931
128,DNA288-44,DNA288,F4 P15 A3,sample,EXP143,1,8,500,10,390,40,20,,,,,1130081,Plate2,D8,5.067814058447041,10.135628116894082,5.067814058447041,10.082095725905575,,,10.91111942493537,0.7488109123686931
129,DNA288-45,DNA288,F4 P15 A4,sample,EXP143,2,8,500,10,390,40,20,,,,,1239718,Plate2,E6,5.933718467927518,11.867436935855036,5.933718467927518,11.804757813579155,,,12.01898088520043,0.7074934043191802
130,DNA288-45,DNA288,F4 P15 A4,sample,EXP143,2,8,500,10,390,40,20,,,,,1303621,Plate2,E7,6.438419339704664,12.876838679409328,6.438419339704664,12.808828295155676,,,12.01898088520043,0.7074934043191802
131,DNA288-45,DNA288,F4 P15 A4,sample,EXP143,2,8,500,10,390,40,20,,,,,1216717,Plate2,E8,5.752058377607094,11.504116755214188,5.752058377607094,11.44335654686646,,,12.01898088520043,0.7074934043191802
132,DNA288-46,DNA288,F7 P15 A3,sample,EXP143,1,8,500,10,390,40,20,,,,,2624802,Plate2,F6,16.873003044310096,33.74600608862019,16.873003044310096,33.56777299133187,,,33.46158848803009,0.6303382152723845
133,DNA288-46,DNA288,F7 P15 A3,sample,EXP143,1,8,500,10,390,40,20,,,,,2654353,Plate2,F7,17.106394519857197,34.212789039714394,17.106394519857197,34.03209057894228,,,33.46158848803009,0.6303382152723845
134,DNA288-46,DNA288,F7 P15 A3,sample,EXP143,1,8,500,10,390,40,20,,,,,2574977,Plate2,F8,16.479489110123964,32.95897822024793,16.479489110123964,32.784901893816105,,,33.46158848803009,0.6303382152723845
135,DNA288-47,DNA288,F7 P15 A4,sample,EXP143,2,8,500,10,390,40,20,,,,,3408090,Plate2,G6,23.059350108651,46.11870021730199,23.059350108650996,45.875119428480495,,,45.99474328442471,1.0726104341141924
136,DNA288-47,DNA288,F7 P15 A4,sample,EXP143,2,8,500,10,390,40,20,,,,,3487456,Plate2,G7,23.686176539170145,47.37235307834028,23.68617653917014,47.12215098945263,,,45.99474328442471,1.0726104341141924
137,DNA288-47,DNA288,F7 P15 A4,sample,EXP143,2,8,500,10,390,40,20,,,,,3351564,Plate2,G8,22.612912203105488,45.225824406210975,22.612912203105488,44.98695943534099,,,45.99474328442471,1.0726104341141924
138,DNA288-48,DNA288,PN2 P16 A3,sample,EXP143,1,8,500,10,390,40,20,,,,,2035726,Plate2,H6,12.220527092586487,24.441054185172977,12.220527092586488,24.311966174669596,,,22.021719267877206,2.1362271764436875
139,DNA288-48,DNA288,PN2 P16 A3,sample,EXP143,1,8,500,10,390,40,20,,,,,1867583,Plate2,H7,10.892546893171364,21.785093786342728,10.892546893171364,21.67003351135612,,,22.021719267877206,2.1362271764436875
140,DNA288-48,DNA288,PN2 P16 A3,sample,EXP143,1,8,500,10,390,40,20,,,,,1766588,Plate2,H8,10.094896320504466,20.189792641008932,10.094896320504466,20.083158117605898,,,22.021719267877206,2.1362271764436875
141,DNA288-49,DNA288,PN2 P16 A4,sample,EXP143,2,8,500,10,390,40,20,,,,,1599081,Plate2,A9,8.771939199105246,17.54387839821049,8.771939199105246,17.451218550489514,,,16.449253532577163,1.066322549088505
142,DNA288-49,DNA288,PN2 P16 A4,sample,EXP143,2,8,500,10,390,40,20,,,,,1463984,Plate2,A10,7.704953710560467,15.409907421120934,7.704953710560467,15.328518366624236,,,16.449253532577163,1.066322549088505
143,DNA288-49,DNA288,PN2 P16 A4,sample,EXP143,2,8,500,10,390,40,20,,,,,1542871,Plate2,A11,8.327997036724868,16.655994073449737,8.327997036724868,16.568023680617742,,,16.449253532577163,1.066322549088505
144,DNA288-5,DNA288,STD 5,standard,,,,,,,,20,20,,,,3358237,Plate1,E1,,,,,0.9953028818179048,,,
145,DNA288-5,DNA288,STD 5,standard,,,,,,,,20,20,,,,3390580,Plate1,E2,,,,,0.9953028818179048,,,
146,DNA288-5,DNA288,STD 5,standard,,,,,,,,20,20,,,,3173386,Plate2,E1,,,,,0.9948614745010336,,,
147,DNA288-5,DNA288,STD 5,standard,,,,,,,,20,20,,,,3198364,Plate2,E2,,,,,0.9948614745010336,,,
148,DNA288-5,DNA288,STD 5,standard,,,,,,,,20,20,,,,3385940,Plate3,E1,,,,,0.9948561918820031,,,
149,DNA288-5,DNA288,STD 5,standard,,,,,,,,20,20,,,,3456199,Plate3,E2,,,,,0.9948561918820031,,,
150,DNA288-50,DNA288,F4 P16 A3,sample,EXP143,1,8,500,10,390,40,20,,,,,1980652,Plate2,B9,11.785556968926338,23.571113937852676,11.785556968926338,23.44662060869702,,,23.091692857130866,0.38676669240968403
151,DNA288-50,DNA288,F4 P16 A3,sample,EXP143,1,8,500,10,390,40,20,,,,,1961709,Plate2,B10,11.635946643682226,23.271893287364453,11.635946643682226,23.14898032369469,,,23.091692857130866,0.38676669240968403
152,DNA288-50,DNA288,F4 P16 A3,sample,EXP143,1,8,500,10,390,40,20,,,,,1931828,Plate2,B11,11.399948854070269,22.799897708140538,11.399948854070269,22.679477639000886,,,23.091692857130866,0.38676669240968403
153,DNA288-51,DNA288,F4 P16 A4,sample,EXP143,2,8,500,10,390,40,20,,,,,4734518,Plate2,C9,33.53537420688763,67.07074841377526,33.53537420688763,66.71650716828269,,,65.77287711129445,0.8172079002449978
154,DNA288-51,DNA288,F4 P16 A4,sample,EXP143,2,8,500,10,390,40,20,,,,,4644478,Plate2,C10,32.82424536325253,65.64849072650506,32.82424536325253,65.30176128528582,,,65.77287711129445,0.8172079002449978
155,DNA288-51,DNA288,F4 P16 A4,sample,EXP143,2,8,500,10,390,40,20,,,,,4644389,Plate2,C11,32.82354244824716,65.64708489649432,32.82354244824716,65.30036288031484,,,65.77287711129445,0.8172079002449978
156,DNA288-52,DNA288,F7 P16 A3,sample,EXP143,1,8,500,10,390,40,20,,,,,2463734,Plate2,D9,15.600900638861194,31.20180127772239,15.600900638861194,31.037005667003335,,,31.1048518767188,0.08664745639615413
157,DNA288-52,DNA288,F7 P16 A3,sample,EXP143,1,8,500,10,390,40,20,,,,,2474264,Plate2,D10,15.684065751294309,31.368131502588618,15.684065751294309,31.202457401209877,,,31.1048518767188,0.08664745639615413
158,DNA288-52,DNA288,F7 P16 A3,sample,EXP143,1,8,500,10,390,40,20,,,,,2466158,Plate2,D11,15.620045200355769,31.240090400711537,15.620045200355769,31.07509256194319,,,31.1048518767188,0.08664745639615413
159,DNA288-53,DNA288,F7 P16 A4,sample,EXP143,2,8,500,10,390,40,20,,,,,4395318,Plate2,E9,30.856399265072575,61.71279853014515,30.856399265072575,61.38685586316783,,,62.04969458193887,0.71474538705703
160,DNA288-53,DNA288,F7 P16 A4,sample,EXP143,2,8,500,10,390,40,20,,,,,4431494,Plate2,E10,31.142114469952,62.284228939904,31.142114469952,61.955268202831256,,,62.04969458193887,0.71474538705703
161,DNA288-53,DNA288,F7 P16 A4,sample,EXP143,2,8,500,10,390,40,20,,,,,4485699,Plate2,E11,31.570221299908027,63.140442599816055,31.570221299908027,62.806959679817545,,,62.04969458193887,0.71474538705703
162,DNA288-54,DNA288,PN2 P17 A3,sample,EXP143,1,8,500,10,390,40,20,,,,,2053922,Plate2,F9,12.364237670538333,24.728475341076663,12.364237670538332,24.597869285364958,,,24.531154369558603,0.23734236065116013
163,DNA288-54,DNA288,PN2 P17 A3,sample,EXP143,1,8,500,10,390,40,20,,,,,2062204,Plate2,F10,12.4296482556448,24.8592965112896,12.4296482556448,24.7279995097428,,,24.531154369558603,0.23734236065116013
164,DNA288-54,DNA288,PN2 P17 A3,sample,EXP143,1,8,500,10,390,40,20,,,,,2032902,Plate2,F11,12.198223362528452,24.396446725056904,12.198223362528452,24.267594313568047,,,24.531154369558603,0.23734236065116013
165,DNA288-55,DNA288,PN2 P17 A4,sample,EXP143,2,8,500,10,390,40,20,,,,,1715053,Plate2,G9,9.68787694070954,19.37575388141908,9.68787694070954,19.2734187897489,,,19.50195587180343,0.34969752399484244
166,DNA288-55,DNA288,PN2 P17 A4,sample,EXP143,2,8,500,10,390,40,20,,,,,1755219,Plate2,G10,10.005104852009492,20.010209704018983,10.005104852009492,19.904523666875207,,,19.50195587180343,0.34969752399484244
167,DNA288-55,DNA288,PN2 P17 A4,sample,EXP143,2,8,500,10,390,40,20,,,,,1718522,Plate2,G11,9.715274830076156,19.430549660152312,9.715274830076156,19.327925158786172,,,19.50195587180343,0.34969752399484244
168,DNA288-56,DNA288,F4 P17 A3,sample,EXP143,1,8,500,10,390,40,20,,,,,3939428,Plate2,H9,27.255815874081808,54.51163174816362,27.25581587408181,54.22372280453335,,,54.11519191386452,0.8543632869456768
169,DNA288-56,DNA288,F4 P17 A3,sample,EXP143,1,8,500,10,390,40,20,,,,,3875022,Plate2,H10,26.74714234783611,53.49428469567222,26.74714234783611,53.211748978008494,,,54.11519191386452,0.8543632869456768
170,DNA288-56,DNA288,F4 P17 A3,sample,EXP143,1,8,500,10,390,40,20,,,,,3983112,Plate2,H11,27.6008286728974,55.2016573457948,27.6008286728974,54.91010395905173,,,54.11519191386452,0.8543632869456768
171,DNA288-57,DNA288,F4 P17 A4,sample,EXP143,2,8,500,10,390,40,20,,,,,3499794,Plate3,A3,22.291141452032488,44.58228290406498,22.29114145203249,44.34681686564525,,,44.74127383905673,0.7383588817496359
172,DNA288-57,DNA288,F4 P17 A4,sample,EXP143,2,8,500,10,390,40,20,,,,,3582065,Plate3,A4,22.917583425620336,45.83516685124068,22.91758342562034,45.59308357385461,,,44.74127383905673,0.7383588817496359
173,DNA288-57,DNA288,F4 P17 A4,sample,EXP143,2,8,500,10,390,40,20,,,,,3495642,Plate3,A5,22.259526580761484,44.51905316152297,22.259526580761484,44.28392107767032,,,44.74127383905673,0.7383588817496359
174,DNA288-58,DNA288,F7 P17 A3,sample,EXP143,1,8,500,10,390,40,20,,,,,1660800,Plate3,B3,8.288357594097041,16.57671518819408,8.28835759409704,16.48916351517241,,,16.451454319234973,0.31148448896554076
175,DNA288-58,DNA288,F7 P17 A3,sample,EXP143,1,8,500,10,390,40,20,,,,,1677515,Plate3,B4,8.41563181695225,16.8312636339045,8.41563181695225,16.742367536367237,,,16.451454319234973,0.31148448896554076
176,DNA288-58,DNA288,F7 P17 A3,sample,EXP143,1,8,500,10,390,40,20,,,,,1636617,Plate3,B5,8.104219243435509,16.208438486871017,8.104219243435509,16.122831906165267,,,16.451454319234973,0.31148448896554076
177,DNA288-59,DNA288,F7 P17 A4,sample,EXP143,2,8,500,10,390,40,20,,,,,2061544,Plate3,C3,11.339771363997587,22.679542727995173,11.339771363997587,22.559758326401752,,,21.915026005288183,0.7970556706621287
178,DNA288-59,DNA288,F7 P17 A4,sample,EXP143,2,8,500,10,390,40,20,,,,,2035251,Plate3,C4,11.139566689062978,22.27913337812595,11.139566689062976,22.161463780827386,,,21.915026005288183,0.7970556706621287
179,DNA288-59,DNA288,F7 P17 A4,sample,EXP143,2,8,500,10,390,40,20,,,,,1960153,Plate3,C5,10.5677426036319,21.1354852072638,10.5677426036319,21.02385590863541,,,21.915026005288183,0.7970556706621287
180,DNA288-6,DNA288,STD 6,standard,,,,,,,,20,16,,,,2703558,Plate1,F1,,,,,0.9953028818179048,,,
181,DNA288-6,DNA288,STD 6,standard,,,,,,,,20,16,,,,2759875,Plate1,F2,,,,,0.9953028818179048,,,
182,DNA288-6,DNA288,STD 6,standard,,,,,,,,20,16,,,,2594897,Plate2,F1,,,,,0.9948614745010336,,,
183,DNA288-6,DNA288,STD 6,standard,,,,,,,,20,16,,,,2500908,Plate2,F2,,,,,0.9948614745010336,,,
184,DNA288-6,DNA288,STD 6,standard,,,,,,,,20,16,,,,2709981,Plate3,F1,,,,,0.9948561918820031,,,
185,DNA288-6,DNA288,STD 6,standard,,,,,,,,20,16,,,,2814894,Plate3,F2,,,,,0.9948561918820031,,,
186,DNA288-60,DNA288,PN2 P18 A3,sample,EXP143,1,8,500,10,390,40,20,,,,,1129565,Plate3,D3,4.243336847552824,8.486673695105647,4.243336847552824,8.441850431150153,,,7.753829286151785,0.6666043204895586
187,DNA288-60,DNA288,PN2 P18 A3,sample,EXP143,1,8,500,10,390,40,20,,,,,1081167,Plate3,D4,3.87481648633557,7.749632972671139,3.8748164863355696,7.708702467178442,,,7.753829286151785,0.6666043204895586
188,DNA288-60,DNA288,PN2 P18 A3,sample,EXP143,1,8,500,10,390,40,20,,,,,1041706,Plate3,D5,3.5743457649422483,7.148691529884496,3.574345764942248,7.110934960126757,,,7.753829286151785,0.6666043204895586
189,DNA288-61,DNA288,PN2 P18 A4,sample,EXP143,2,8,500,10,390,40,20,,,,,1600336,Plate3,E3,7.827962224027205,15.65592444805441,7.827962224027205,15.573236028631953,,,14.623825724970283,0.9136542036306511
190,DNA288-61,DNA288,PN2 P18 A4,sample,EXP143,2,8,500,10,390,40,20,,,,,1532625,Plate3,E4,7.312385502295287,14.624771004590574,7.312385502295287,14.547528731047585,,,14.623825724970283,0.9136542036306511
191,DNA288-61,DNA288,PN2 P18 A4,sample,EXP143,2,8,500,10,390,40,20,,,,,1480024,Plate3,E5,6.911861936850666,13.823723873701333,6.911861936850666,13.750712415231316,,,14.623825724970283,0.9136542036306511
192,DNA288-62,DNA288,F4 P18 A3,sample,EXP143,1,8,500,10,390,40,20,,,,,1865280,Plate3,F3,9.845344317963807,19.690688635927614,9.845344317963807,19.58669018307056,,,18.957823193188307,0.9102717549786088
193,DNA288-62,DNA288,F4 P18 A3,sample,EXP143,1,8,500,10,390,40,20,,,,,1851158,Plate3,F4,9.73781416090959,19.47562832181918,9.73781416090959,19.37276573273773,,,18.957823193188307,0.9102717549786088
194,DNA288-62,DNA288,F4 P18 A3,sample,EXP143,1,8,500,10,390,40,20,,,,,1754860,Plate3,F5,9.0045653955784,18.0091307911568,9.0045653955784,17.914013663756627,,,18.957823193188307,0.9102717549786088
195,DNA288-63,DNA288,F4 P18 A4,sample,EXP143,2,8,500,10,390,40,20,,,,,2884015,Plate3,G3,17.602371265041324,35.20474253008265,17.602371265041324,35.01880496212582,,,33.81987672632053,1.0384867520535537
196,DNA288-63,DNA288,F4 P18 A4,sample,EXP143,2,8,500,10,390,40,20,,,,,2766588,Plate3,G4,16.70823844020025,33.4164768804005,16.70823844020025,33.23998422644861,,,33.81987672632053,1.0384867520535537
197,DNA288-63,DNA288,F4 P18 A4,sample,EXP143,2,8,500,10,390,40,20,,,,,2764004,Plate3,G5,16.6885629037445,33.377125807489,16.6885629037445,33.20084099038714,,,33.81987672632053,1.0384867520535537
198,DNA288-64,DNA288,F7 P18 A3,sample,EXP143,1,8,500,10,390,40,20,,,,,2514134,Plate3,H3,14.785959848714231,29.57191969742846,14.78595984871423,29.41573247851453,,,28.9892014809206,1.0138289573973747
199,DNA288-64,DNA288,F7 P18 A3,sample,EXP143,1,8,500,10,390,40,20,,,,,2534225,Plate3,H4,14.938940190406363,29.877880380812726,14.938940190406363,29.72007719821691,,,28.9892014809206,1.0138289573973747
200,DNA288-64,DNA288,F7 P18 A3,sample,EXP143,1,8,500,10,390,40,20,,,,,2409572,Plate3,H5,13.989785915708772,27.979571831417545,13.989785915708772,27.831794766030356,,,28.9892014809206,1.0138289573973747
201,DNA288-65,DNA288,F7 P18 A4,sample,EXP143,2,8,500,10,390,40,20,,,,,2007673,Plate3,A6,10.929577546502347,21.859155093004695,10.929577546502347,21.743703655400477,,,22.047028388817452,0.4203888732707373
202,DNA288-65,DNA288,F7 P18 A4,sample,EXP143,2,8,500,10,390,40,20,,,,,2016042,Plate3,A7,10.993302223204426,21.98660444640885,10.993302223204426,21.870479871576332,,,22.047028388817452,0.4203888732707373
203,DNA288-65,DNA288,F7 P18 A4,sample,EXP143,2,8,500,10,390,40,20,,,,,2059375,Plate3,A8,11.323255791794598,22.646511583589195,11.323255791794598,22.526901639475543,,,22.047028388817452,0.4203888732707373
204,DNA288-66,DNA288,PN2 P19 A3,sample,EXP143,1,8,500,10,390,40,20,,,,,1027181,Plate3,B6,3.4637470160955903,6.92749403219118,3.46374701609559,6.890905740392698,,,6.1445787457037015,0.6467850698899033
205,DNA288-66,DNA288,PN2 P19 A3,sample,EXP143,1,8,500,10,390,40,20,,,,,954866,Plate3,B7,2.913113727087251,5.826227454174501,2.9131137270872505,5.795455618184881,,,6.1445787457037015,0.6467850698899033
206,DNA288-66,DNA288,PN2 P19 A3,sample,EXP143,1,8,500,10,390,40,20,,,,,951692,Plate3,B8,2.8889457113323935,5.777891422664788,2.888945711332394,5.7473748785335275,,,6.1445787457037015,0.6467850698899033
207,DNA288-67,DNA288,PN2 P19 A4,sample,EXP143,2,8,500,10,390,40,20,,,,,779683,Plate3,C6,1.5792052507220715,3.158410501444143,1.5792052507220715,3.14172902261367,,,2.6748176768794405,0.43477679671468933
208,DNA288-67,DNA288,PN2 P19 A4,sample,EXP143,2,8,500,10,390,40,20,,,,,743996,Plate3,C7,1.3074711680996476,2.6149423361992947,1.3074711680996474,2.601131241914916,,,2.6748176768794405,0.43477679671468933
209,DNA288-67,DNA288,PN2 P19 A4,sample,EXP143,2,8,500,10,390,40,20,,,,,722902,Plate3,C8,1.1468536115990338,2.2937072231980675,1.1468536115990338,2.2815927661097355,,,2.6748176768794405,0.43477679671468933
210,DNA288-68,DNA288,F4 P19 A3,sample,EXP143,1,8,500,10,390,40,20,,,,,3786146,Plate3,D6,24.471532015181435,48.94306403036287,24.471532015181435,48.6845660655962,,,48.97641847802095,0.25330177863798886
211,DNA288-68,DNA288,F4 P19 A3,sample,EXP143,1,8,500,10,390,40,20,,,,,3813944,Plate3,D7,24.683196319514614,49.36639263902923,24.683196319514614,49.10565881948036,,,48.97641847802095,0.25330177863798886
212,DNA288-68,DNA288,F4 P19 A3,sample,EXP143,1,8,500,10,390,40,20,,,,,3816147,Plate3,D8,24.699970780355176,49.39994156071035,24.699970780355176,49.13903054898632,,,48.97641847802095,0.25330177863798886
213,DNA288-69,DNA288,F4 P19 A4,sample,EXP143,2,8,500,10,390,40,20,,,,,2392617,Plate3,E6,13.860684243647146,27.721368487294292,13.860684243647146,27.574955150154896,,,27.26907540158736,0.3534837213826883
214,DNA288-69,DNA288,F4 P19 A4,sample,EXP143,2,8,500,10,390,40,20,,,,,2346878,Plate3,E7,13.512410496762648,27.024820993525296,13.512410496762648,26.882086545582354,,,27.26907540158736,0.3534837213826883
215,DNA288-69,DNA288,F4 P19 A4,sample,EXP143,2,8,500,10,390,40,20,,,,,2377779,Plate3,E8,13.747702196460452,27.495404392920904,13.747702196460452,27.350184509024846,,,27.26907540158736,0.3534837213826883
216,DNA288-7,DNA288,STD 7,standard,,,,,,,,20,8,,,,1495503,Plate1,G1,,,,,0.9953028818179048,,,
217,DNA288-7,DNA288,STD 7,standard,,,,,,,,20,8,,,,1503932,Plate1,G2,,,,,0.9953028818179048,,,
218,DNA288-7,DNA288,STD 7,standard,,,,,,,,20,8,,,,1441189,Plate2,G1,,,,,0.9948614745010336,,,
219,DNA288-7,DNA288,STD 7,standard,,,,,,,,20,8,,,,1412026,Plate2,G2,,,,,0.9948614745010336,,,
220,DNA288-7,DNA288,STD 7,standard,,,,,,,,20,8,,,,1520612,Plate3,G1,,,,,0.9948561918820031,,,
221,DNA288-7,DNA288,STD 7,standard,,,,,,,,20,8,,,,1577188,Plate3,G2,,,,,0.9948561918820031,,,
222,DNA288-70,DNA288,F7 P19 A3,sample,EXP143,1,8,500,10,390,40,20,,,,,1349086,Plate3,F6,5.914851336060044,11.829702672120089,5.914851336060044,11.767222847345717,,,11.877906507622725,0.3621598339908481
223,DNA288-70,DNA288,F7 P19 A3,sample,EXP143,1,8,500,10,390,40,20,,,,,1383101,Plate3,F7,6.1738541892111005,12.347708378422201,6.1738541892111005,12.282492651769404,,,11.877906507622725,0.3621598339908481
224,DNA288-70,DNA288,F7 P19 A3,sample,EXP143,1,8,500,10,390,40,20,,,,,1336991,Plate3,F8,5.822755510428351,11.645511020856702,5.822755510428351,11.584004023753051,,,11.877906507622725,0.3621598339908481
225,DNA288-71,DNA288,F7 P19 A4,sample,EXP143,2,8,500,10,390,40,20,,,,,1577803,Plate3,G6,7.656387586659786,15.31277517331957,7.656387586659785,15.23189913305415,,,14.97282766599975,0.22671947040593346
226,DNA288-71,DNA288,F7 P19 A4,sample,EXP143,2,8,500,10,390,40,20,,,,,1554302,Plate3,G7,7.477442237493154,14.954884474986306,7.477442237493153,14.875898672264466,,,14.97282766599975,0.22671947040593346
227,DNA288-71,DNA288,F7 P19 A4,sample,EXP143,2,8,500,10,390,40,20,,,,,1549997,Plate3,G8,7.444662367353059,14.889324734706117,7.444662367353058,14.810685192680634,,,14.97282766599975,0.22671947040593346
228,DNA288-72,DNA288,PN2 P20 A3,sample,EXP143,1,8,500,10,390,40,20,,,,,954094,Plate3,H6,2.9072354321399443,5.814470864279889,2.9072354321399443,5.783761121962182,,,5.83694684247759,0.8759586230842953
229,DNA288-72,DNA288,PN2 P20 A3,sample,EXP143,1,8,500,10,390,40,20,,,,,1017106,Plate3,H7,3.387032221284569,6.774064442569138,3.387032221284569,6.738286505362018,,,5.83694684247759,0.8759586230842953
230,DNA288-72,DNA288,PN2 P20 A3,sample,EXP143,1,8,500,10,390,40,20,,,,,901615,Plate3,H8,2.50764082004192,5.01528164008384,2.50764082004192,4.988792900108569,,,5.83694684247759,0.8759586230842953
231,DNA288-73,DNA288,PN2 P20 A4,sample,EXP143,2,8,500,10,390,40,20,,,,,925202,Plate3,A9,2.687241005174185,5.37448201034837,2.687241005174185,5.3460961156588125,,,5.214371451167648,0.11486283667671435
232,DNA288-73,DNA288,PN2 P20 A4,sample,EXP143,2,8,500,10,390,40,20,,,,,913044,Plate3,A10,2.594665474125807,5.189330948251614,2.594665474125807,5.161922948462481,,,5.214371451167648,0.11486283667671435
233,DNA288-73,DNA288,PN2 P20 A4,sample,EXP143,2,8,500,10,390,40,20,,,,,911273,Plate3,A11,2.581180421856793,5.162360843713586,2.581180421856793,5.135095289381653,,,5.214371451167648,0.11486283667671435
234,DNA288-74,DNA288,F4 P20 A3,sample,EXP143,1,8,500,10,390,40,20,,,,,3394880,Plate3,B9,21.49228726019095,42.9845745203819,21.49228726019095,42.75754694762947,,,42.219600121385334,0.9622678162046223
235,DNA288-74,DNA288,F4 P20 A3,sample,EXP143,1,8,500,10,390,40,20,,,,,3286030,Plate3,B10,20.66346290136418,41.326925802728354,20.663462901364177,41.10865327685132,,,42.219600121385334,0.9622678162046223
236,DNA288-74,DNA288,F4 P20 A3,sample,EXP143,1,8,500,10,390,40,20,,,,,3397194,Plate3,B11,21.50990691628948,43.019813832578954,21.509906916289477,42.792600139675216,,,42.219600121385334,0.9622678162046223
237,DNA288-75,DNA288,F4 P20 A4,sample,EXP143,2,8,500,10,390,40,20,,,,,3109137,Plate3,C9,19.316533849403285,38.63306769880657,19.316533849403285,38.42902306918062,,,37.85848717617428,0.6945597613581173
238,DNA288-75,DNA288,F4 P20 A4,sample,EXP143,2,8,500,10,390,40,20,,,,,3020418,Plate3,C10,18.640994407136386,37.28198881427277,18.640994407136386,37.08508005055163,,,37.85848717617428,0.6945597613581173
239,DNA288-75,DNA288,F4 P20 A4,sample,EXP143,2,8,500,10,390,40,20,,,,,3084866,Plate3,C11,19.131725434032735,38.26345086806547,19.131725434032735,38.06135840879058,,,37.85848717617428,0.6945597613581173
240,DNA288-76,DNA288,F7 P20 A3,sample,EXP143,1,8,500,10,390,40,20,,,,,2170598,Plate3,D9,12.170149054649809,24.340298109299617,12.170149054649809,24.211742252658425,,,27.901340662608604,7.435864301033685
241,DNA288-76,DNA288,F7 P20 A3,sample,EXP143,1,8,500,10,390,40,20,,,,,2979185,Plate3,D10,18.327031019102357,36.654062038204714,18.327031019102357,36.46046973610795,,,27.901340662608604,7.435864301033685
242,DNA288-76,DNA288,F7 P20 A3,sample,EXP143,1,8,500,10,390,40,20,,,,,2092706,Plate3,D11,11.577050414707369,23.15410082941474,11.57705041470737,23.031809999059433,,,27.901340662608604,7.435864301033685
243,DNA288-77,DNA288,F7 P20 A4,sample,EXP143,2,8,500,10,390,40,20,,,,,1706258,Plate3,E9,8.634491702535692,17.268983405071385,8.634491702535692,17.17777544430638,,,17.472920089691936,0.9009927360882982
244,DNA288-77,DNA288,F7 P20 A4,sample,EXP143,2,8,500,10,390,40,20,,,,,1792518,Plate3,E10,9.291307404808517,18.582614809617038,9.291307404808519,18.484468765770067,,,17.472920089691936,0.9009927360882982
245,DNA288-77,DNA288,F7 P20 A4,sample,EXP143,2,8,500,10,390,40,20,,,,,1678449,Plate3,E11,8.422743640113886,16.845487280227772,8.422743640113886,16.75651605899936,,,17.472920089691936,0.9009927360882982
246,DNA288-8,DNA288,STD 8,standard,,,,,,,,20,0,,,,245198,Plate1,H1,,,,,0.9953028818179048,,,
247,DNA288-8,DNA288,STD 8,standard,,,,,,,,20,0,,,,249249,Plate1,H2,,,,,0.9953028818179048,,,
248,DNA288-8,DNA288,STD 8,standard,,,,,,,,20,0,,,,254119,Plate2,H1,,,,,0.9948614745010336,,,
249,DNA288-8,DNA288,STD 8,standard,,,,,,,,20,0,,,,240724,Plate2,H2,,,,,0.9948614745010336,,,
250,DNA288-8,DNA288,STD 8,standard,,,,,,,,20,0,,,,256267,Plate3,H1,,,,,0.9948561918820031,,,
251,DNA288-8,DNA288,STD 8,standard,,,,,,,,20,0,,,,252860,Plate3,H2,,,,,0.9948561918820031,,,
252,DNA288-9,DNA288,"1 EXP177B
ODFC-SV40 - C
",sample,,1,8,500,10,390,40,20,,,,,25582198,Plate1,A3,187.91873415683094,375.8374683136619,187.91873415683094,373.85244300789293,,,367.60198197254385,9.185626216514935
253,DNA288-9,DNA288,"1 EXP177B
ODFC-SV40 - C
",sample,,1,8,500,10,390,40,20,,,,,25451170,Plate1,A4,186.93631045921714,373.8726209184342,186.9363104592171,371.8979731618197,,,367.60198197254385,9.185626216514935
254,DNA288-9,DNA288,"1 EXP177B
ODFC-SV40 - C
",sample,,1,8,500,10,390,40,20,,,,,24456130,Plate1,A5,179.4756846687478,358.9513693374955,179.47568466874776,357.05552974791874,,,367.60198197254385,9.185626216514935
