,ID,experiment_ID,sample_ID,sample_type,sample_state,sample_lot,biopsy_id,culture_date,biopsy_replicate,biopsy_diameter_mm,digestion_volume_ul,dilution_factor,assay_volume_ul,loaded_weight1_mg,loaded_weight2_mg,tube_weight1_mg,tube_weight2_mg,operator,std_conc_ug_per_well,media_type,biomaterial_id,reaction_date,abs,sheet_name,location,data check,normalized_abs,r_squared,net weight mg,ug/well,mg/ml,mg/biopsy,mg/cm2
0,7,HP45-20231207,S5,standard,liquid,231108,s5,11-28-2023,1,,1000,1,20,,,,,DS,1,,,11-29-2023,1.145,Plate1,H1,,1.145,0.9933368630803993,,,,,
1,8,HP45-20231208,S4,standard,liquid,231108,s4,11-28-2023,1,,1000,1,20,,,,,DS,0.8,,,11-29-2023,1.033,Plate1,H2,,1.033,0.9933368630803993,,,,,
2,9,HP45-20231209,S3,standard,liquid,231108,s3,11-28-2023,1,,1000,1,20,,,,,DS,0.6,,,11-29-2023,0.817,Plate1,H3,,0.817,0.9933368630803993,,,,,
3,10,HP45-20231210,S2,standard,liquid,231108,s2,11-28-2023,1,,1000,1,20,,,,,DS,0.4,,,11-29-2023,0.563,Plate1,H4,,0.563,0.9933368630803993,,,,,
4,11,HP45-20231211,S1,standard,liquid,231108,s1,11-28-2023,1,,1000,1,20,,,,,DS,0.2,,,11-29-2023,0.331,Plate1,H5,,0.331,0.9933368630803993,,,,,
5,12,HP45-20231212,S0,standard,liquid,231108,s0,11-28-2023,1,,1000,1,20,,,,,DS,0,,,11-29-2023,0.086,Plate1,H6,,0.086,0.9933368630803993,,,,,
6,7,HP45-20231207,S5,standard,liquid,231108,s5,11-28-2023,1,,1000,1,20,,,,,DS,1,,,11-29-2023,1.23,Plate1,H7,,1.23,0.9933368630803993,,,,,
7,8,HP45-20231208,S4,standard,liquid,231108,s4,11-28-2023,1,,1000,1,20,,,,,DS,0.8,,,11-29-2023,1.042,Plate1,H8,,1.042,0.9933368630803993,,,,,
8,9,HP45-20231209,S3,standard,liquid,231108,s3,11-28-2023,1,,1000,1,20,,,,,DS,0.6,,,11-29-2023,0.764,Plate1,H9,,0.764,0.9933368630803993,,,,,
9,10,HP45-20231210,S2,standard,liquid,231108,s2,11-28-2023,1,,1000,1,20,,,,,DS,0.4,,,11-29-2023,0.563,Plate1,H10,,0.563,0.9933368630803993,,,,,
10,11,HP45-20231211,S1,standard,liquid,231108,s1,11-28-2023,1,,1000,1,20,,,,,DS,0.2,,,11-29-2023,0.326,Plate1,H11,,0.326,0.9933368630803993,,,,,
11,12,HP45-20231212,S0,standard,liquid,231108,s0,11-28-2023,1,,1000,1,20,,,,,DS,0,,,11-29-2023,0.085,Plate1,H12,,0.085,0.9933368630803993,,,,,
12,13,HP45-20231213,B-D01,sample,liquid,EXP 50,B-D01,11-08-2023,1,,400,2.125,20,,,,,DS,,TGFBS (Liquid DMEM),,11-29-2023,0.18,Plate1,A1,,0.18,,,3.541065022091211,0.3762381585971912,,
13,13,HP45-20231213,B-D01,sample,liquid,EXP 50,B-D01,11-08-2023,1,,400,2.125,20,,,,,DS,,TGFBS (Liquid DMEM),,11-29-2023,0.181,Plate1,B1,,0.181,,,3.5852722701143716,0.38093517869965193,,
14,13,HP45-20231213,B-D01,sample,liquid,EXP 50,B-D01,11-08-2023,1,,400,2.125,20,,,,,DS,,TGFBS (Liquid DMEM),,11-29-2023,0.181,Plate1,C1,,0.181,,,3.5852722701143716,0.38093517869965193,,
15,13,HP45-20231213,B-D01,sample,liquid,EXP 50,B-D01,11-08-2023,1,,400,2.125,20,,,,,DS,,TGFBS (Liquid DMEM),,11-29-2023,0.182,Plate1,D1,,0.182,,,3.629479518137531,0.3856321988021127,,
16,57,HP45-20231257,B-D01,sample,liquid,No_ChT_EXP50_,No_ChT_EXP50_B-D01,11-08-2023,1,,400,2.125,20,,,,,DS,,TGFBS (Liquid DMEM),,11-29-2023,0.143,Plate1,E1,,0.143,,,1.9053968452343009,0.20244841480614448,,
17,57,HP45-20231257,B-D01,sample,liquid,No_ChT_EXP50_,No_ChT_EXP50_B-D01,11-08-2023,1,,400,2.125,20,,,,,DS,,TGFBS (Liquid DMEM),,11-29-2023,0.139,Plate1,F1,,0.139,,,1.728567853141663,0.18366033439630172,,
18,57,HP45-20231257,B-D01,sample,liquid,No_ChT_EXP50_,No_ChT_EXP50_B-D01,11-08-2023,1,,400,2.125,20,,,,,DS,,TGFBS (Liquid DMEM),,11-29-2023,0.137,Plate1,G1,,0.137,,,1.6401533570953433,0.17426629419138023,,
19,14,HP45-20231214,B-D01,sample,liquid,EXP 50,B-D01,11-08-2023,2,,400,2.125,20,,,,,DS,,TGFBS (Liquid DMEM),,11-29-2023,0.172,Plate1,A2,,0.172,,,3.187407037905933,0.33866199777750533,,
20,14,HP45-20231214,B-D01,sample,liquid,EXP 50,B-D01,11-08-2023,2,,400,2.125,20,,,,,DS,,TGFBS (Liquid DMEM),,11-29-2023,0.167,Plate1,B2,,0.167,,,2.9663707977901357,0.31517689726520187,,
21,14,HP45-20231214,B-D01,sample,liquid,EXP 50,B-D01,11-08-2023,2,,400,2.125,20,,,,,DS,,TGFBS (Liquid DMEM),,11-29-2023,0.172,Plate1,C2,,0.172,,,3.187407037905933,0.33866199777750533,,
22,14,HP45-20231214,B-D01,sample,liquid,EXP 50,B-D01,11-08-2023,2,,400,2.125,20,,,,,DS,,TGFBS (Liquid DMEM),,11-29-2023,0.174,Plate1,D2,,0.174,,,3.2758215339522527,0.34805603798242685,,
23,58,HP45-20231258,B-D01,sample,liquid,No_ChT_EXP50_,No_ChT_EXP50_B-D01,11-08-2023,2,,400,2.125,20,,,,,DS,,TGFBS (Liquid DMEM),,11-29-2023,0.143,Plate1,E2,,0.143,,,1.9053968452343009,0.20244841480614448,,
24,58,HP45-20231258,B-D01,sample,liquid,No_ChT_EXP50_,No_ChT_EXP50_B-D01,11-08-2023,2,,400,2.125,20,,,,,DS,,TGFBS (Liquid DMEM),,11-29-2023,0.142,Plate1,F2,,0.142,,,1.8611895972111414,0.19775139470368377,,
25,58,HP45-20231258,B-D01,sample,liquid,No_ChT_EXP50_,No_ChT_EXP50_B-D01,11-08-2023,2,,400,2.125,20,,,,,DS,,TGFBS (Liquid DMEM),,11-29-2023,0.141,Plate1,G2,,0.141,,,1.816982349187981,0.193054374601223,,
26,15,HP45-20231215,B-D01,sample,liquid,EXP 50,B-D01,11-08-2023,3,,400,2.125,20,,,,,DS,,TGFBS (Liquid DMEM),,11-29-2023,0.149,Plate1,A3,,0.149,,,2.1706403333732593,0.2306305354209088,,
27,15,HP45-20231215,B-D01,sample,liquid,EXP 50,B-D01,11-08-2023,3,,400,2.125,20,,,,,DS,,TGFBS (Liquid DMEM),,11-29-2023,0.16,Plate1,B3,,0.16,,,2.656920061628017,0.2822977565479768,,
28,15,HP45-20231215,B-D01,sample,liquid,EXP 50,B-D01,11-08-2023,3,,400,2.125,20,,,,,DS,,TGFBS (Liquid DMEM),,11-29-2023,0.196,Plate1,C3,,0.196,,,4.248380990461769,0.4513904802365629,,
29,15,HP45-20231215,B-D01,sample,liquid,EXP 50,B-D01,11-08-2023,3,,400,2.125,20,,,,,DS,,TGFBS (Liquid DMEM),,11-29-2023,0.206,Plate1,D3,,0.206,,,4.690453470693365,0.49836068126117,,
30,59,HP45-20231259,B-D01,sample,liquid,No_ChT_EXP50_,No_ChT_EXP50_B-D01,11-08-2023,3,,400,2.125,20,,,,,DS,,TGFBS (Liquid DMEM),,11-29-2023,0.199,Plate1,E3,,0.199,,,4.381002734531247,0.46548154054394497,,
31,59,HP45-20231259,B-D01,sample,liquid,No_ChT_EXP50_,No_ChT_EXP50_B-D01,11-08-2023,3,,400,2.125,20,,,,,DS,,TGFBS (Liquid DMEM),,11-29-2023,0.212,Plate1,F3,,0.212,,,4.955696958832323,0.5265428018759344,,
32,59,HP45-20231259,B-D01,sample,liquid,No_ChT_EXP50_,No_ChT_EXP50_B-D01,11-08-2023,3,,400,2.125,20,,,,,DS,,TGFBS (Liquid DMEM),,11-29-2023,0.237,Plate1,G3,,0.237,,,6.060878159411317,0.6439683044374525,,
33,16,HP45-20231216,B-D01,sample,liquid,EXP 50,B-D01,11-08-2023,4,,400,2.125,20,,,,,DS,,TGFBS (Liquid DMEM),,11-29-2023,0.193,Plate1,A4,,0.193,,,4.1157592463922885,0.4372994199291807,,
34,16,HP45-20231216,B-D01,sample,liquid,EXP 50,B-D01,11-08-2023,4,,400,2.125,20,,,,,DS,,TGFBS (Liquid DMEM),,11-29-2023,0.18,Plate1,B4,,0.18,,,3.541065022091211,0.3762381585971912,,
35,16,HP45-20231216,B-D01,sample,liquid,EXP 50,B-D01,11-08-2023,4,,400,2.125,20,,,,,DS,,TGFBS (Liquid DMEM),,11-29-2023,0.188,Plate1,C4,,0.188,,,3.8947230062764895,0.41381431941687696,,
36,16,HP45-20231216,B-D01,sample,liquid,EXP 50,B-D01,11-08-2023,4,,400,2.125,20,,,,,DS,,TGFBS (Liquid DMEM),,11-29-2023,0.184,Plate1,D4,,0.184,,,3.71789401418385,0.3950262390070341,,
37,60,HP45-20231260,B-D01,sample,liquid,No_ChT_EXP50_,No_ChT_EXP50_B-D01,11-08-2023,4,,400,2.125,20,,,,,DS,,TGFBS (Liquid DMEM),,11-29-2023,0.146,Plate1,E4,,0.146,,,2.03801858930378,0.2165394751135266,,
38,60,HP45-20231260,B-D01,sample,liquid,No_ChT_EXP50_,No_ChT_EXP50_B-D01,11-08-2023,4,,400,2.125,20,,,,,DS,,TGFBS (Liquid DMEM),,11-29-2023,0.147,Plate1,F4,,0.147,,,2.0822258373269404,0.2212364952159874,,
39,60,HP45-20231260,B-D01,sample,liquid,No_ChT_EXP50_,No_ChT_EXP50_B-D01,11-08-2023,4,,400,2.125,20,,,,,DS,,TGFBS (Liquid DMEM),,11-29-2023,0.146,Plate1,G4,,0.146,,,2.03801858930378,0.2165394751135266,,
40,17,HP45-20231217,B-D02,sample,liquid,EXP 50,B-D02,11-09-2023,1,,400,2.125,20,,,,,DS,,TGFBS (Liquid DMEM),,11-29-2023,0.198,Plate1,A5,,0.198,,,4.3367954865080875,0.4607845204414843,,
41,17,HP45-20231217,B-D02,sample,liquid,EXP 50,B-D02,11-09-2023,1,,400,2.125,20,,,,,DS,,TGFBS (Liquid DMEM),,11-29-2023,0.196,Plate1,B5,,0.196,,,4.248380990461769,0.4513904802365629,,
42,17,HP45-20231217,B-D02,sample,liquid,EXP 50,B-D02,11-09-2023,1,,400,2.125,20,,,,,DS,,TGFBS (Liquid DMEM),,11-29-2023,0.192,Plate1,C5,,0.192,,,4.071551998369129,0.43260239982671994,,
43,17,HP45-20231217,B-D02,sample,liquid,EXP 50,B-D02,11-09-2023,1,,400,2.125,20,,,,,DS,,TGFBS (Liquid DMEM),,11-29-2023,0.193,Plate1,D5,,0.193,,,4.1157592463922885,0.4372994199291807,,
44,61,HP45-20231261,B-D02,sample,liquid,No_ChT_EXP50_,No_ChT_EXP50_B-D02,11-09-2023,1,,400,2.125,20,,,,,DS,,TGFBS (Liquid DMEM),,11-29-2023,0.154,Plate1,E5,,0.154,,,2.3916765734890584,0.25411563593321246,,
45,61,HP45-20231261,B-D02,sample,liquid,No_ChT_EXP50_,No_ChT_EXP50_B-D02,11-09-2023,1,,400,2.125,20,,,,,DS,,TGFBS (Liquid DMEM),,11-29-2023,0.153,Plate1,F5,,0.153,,,2.347469325465899,0.24941861583075178,,
46,61,HP45-20231261,B-D02,sample,liquid,No_ChT_EXP50_,No_ChT_EXP50_B-D02,11-09-2023,1,,400,2.125,20,,,,,DS,,TGFBS (Liquid DMEM),,11-29-2023,0.15,Plate1,G5,,0.15,,,2.2148475813964197,0.2353275555233696,,
47,18,HP45-20231218,B-D02,sample,liquid,EXP 50,B-D02,11-09-2023,2,,400,2.125,20,,,,,DS,,TGFBS (Liquid DMEM),,11-29-2023,0.195,Plate1,A6,,0.195,,,4.204173742438607,0.446693460134102,,
48,18,HP45-20231218,B-D02,sample,liquid,EXP 50,B-D02,11-09-2023,2,,400,2.125,20,,,,,DS,,TGFBS (Liquid DMEM),,11-29-2023,0.193,Plate1,B6,,0.193,,,4.1157592463922885,0.4372994199291807,,
49,18,HP45-20231218,B-D02,sample,liquid,EXP 50,B-D02,11-09-2023,2,,400,2.125,20,,,,,DS,,TGFBS (Liquid DMEM),,11-29-2023,0.193,Plate1,C6,,0.193,,,4.1157592463922885,0.4372994199291807,,
50,18,HP45-20231218,B-D02,sample,liquid,EXP 50,B-D02,11-09-2023,2,,400,2.125,20,,,,,DS,,TGFBS (Liquid DMEM),,11-29-2023,0.189,Plate1,D6,,0.189,,,3.938930254299649,0.4185113395193377,,
51,62,HP45-20231262,B-D02,sample,liquid,No_ChT_EXP50_,No_ChT_EXP50_B-D02,11-09-2023,2,,400,2.125,20,,,,,DS,,TGFBS (Liquid DMEM),,11-29-2023,0.154,Plate1,E6,,0.154,,,2.3916765734890584,0.25411563593321246,,
52,62,HP45-20231262,B-D02,sample,liquid,No_ChT_EXP50_,No_ChT_EXP50_B-D02,11-09-2023,2,,400,2.125,20,,,,,DS,,TGFBS (Liquid DMEM),,11-29-2023,0.158,Plate1,F6,,0.158,,,2.568505565581698,0.27290371634305544,,
53,62,HP45-20231262,B-D02,sample,liquid,No_ChT_EXP50_,No_ChT_EXP50_B-D02,11-09-2023,2,,400,2.125,20,,,,,DS,,TGFBS (Liquid DMEM),,11-29-2023,0.158,Plate1,G6,,0.158,,,2.568505565581698,0.27290371634305544,,
54,19,HP45-20231219,B-D02,sample,liquid,EXP 50,B-D02,11-09-2023,3,,400,2.125,20,,,,,DS,,TGFBS (Liquid DMEM),,11-29-2023,0.206,Plate1,A7,,0.206,,,4.690453470693365,0.49836068126117,,
55,19,HP45-20231219,B-D02,sample,liquid,EXP 50,B-D02,11-09-2023,3,,400,2.125,20,,,,,DS,,TGFBS (Liquid DMEM),,11-29-2023,0.198,Plate1,B7,,0.198,,,4.3367954865080875,0.4607845204414843,,
56,19,HP45-20231219,B-D02,sample,liquid,EXP 50,B-D02,11-09-2023,3,,400,2.125,20,,,,,DS,,TGFBS (Liquid DMEM),,11-29-2023,0.192,Plate1,C7,,0.192,,,4.071551998369129,0.43260239982671994,,
57,19,HP45-20231219,B-D02,sample,liquid,EXP 50,B-D02,11-09-2023,3,,400,2.125,20,,,,,DS,,TGFBS (Liquid DMEM),,11-29-2023,0.288,Plate1,D7,,0.288,,,8.315447808592463,0.8835163296629492,,
58,63,HP45-20231263,B-D02,sample,liquid,No_ChT_EXP50_,No_ChT_EXP50_B-D02,11-09-2023,3,,400,2.125,20,,,,,DS,,TGFBS (Liquid DMEM),,11-29-2023,0.161,Plate1,E7,,0.161,,,2.701127309651177,0.2869947766504376,,
59,63,HP45-20231263,B-D02,sample,liquid,No_ChT_EXP50_,No_ChT_EXP50_B-D02,11-09-2023,3,,400,2.125,20,,,,,DS,,TGFBS (Liquid DMEM),,11-29-2023,0.162,Plate1,F7,,0.162,,,2.7453345576743367,0.29169179675289825,,
60,63,HP45-20231263,B-D02,sample,liquid,No_ChT_EXP50_,No_ChT_EXP50_B-D02,11-09-2023,3,,400,2.125,20,,,,,DS,,TGFBS (Liquid DMEM),,11-29-2023,0.16,Plate1,G7,,0.16,,,2.656920061628017,0.2822977565479768,,
61,20,HP45-20231220,B-D02,sample,liquid,EXP 50,B-D02,11-09-2023,4,,400,2.125,20,,,,,DS,,TGFBS (Liquid DMEM),,11-29-2023,0.201,Plate1,A8,,0.201,,,4.469417230577566,0.4748755807488664,,
62,20,HP45-20231220,B-D02,sample,liquid,EXP 50,B-D02,11-09-2023,4,,400,2.125,20,,,,,DS,,TGFBS (Liquid DMEM),,11-29-2023,0.197,Plate1,B8,,0.197,,,4.292588238484928,0.45608750033902357,,
63,20,HP45-20231220,B-D02,sample,liquid,EXP 50,B-D02,11-09-2023,4,,400,2.125,20,,,,,DS,,TGFBS (Liquid DMEM),,11-29-2023,0.196,Plate1,C8,,0.196,,,4.248380990461769,0.4513904802365629,,
64,20,HP45-20231220,B-D02,sample,liquid,EXP 50,B-D02,11-09-2023,4,,400,2.125,20,,,,,DS,,TGFBS (Liquid DMEM),,11-29-2023,0.191,Plate1,D8,,0.191,,,4.02734475034597,0.4279053797242593,,
65,64,HP45-20231264,B-D02,sample,liquid,No_ChT_EXP50_,No_ChT_EXP50_B-D02,11-09-2023,4,,400,2.125,20,,,,,DS,,TGFBS (Liquid DMEM),,11-29-2023,0.156,Plate1,E8,,0.156,,,2.480091069535378,0.2635096761381339,,
66,64,HP45-20231264,B-D02,sample,liquid,No_ChT_EXP50_,No_ChT_EXP50_B-D02,11-09-2023,4,,400,2.125,20,,,,,DS,,TGFBS (Liquid DMEM),,11-29-2023,0.156,Plate1,F8,,0.156,,,2.480091069535378,0.2635096761381339,,
67,64,HP45-20231264,B-D02,sample,liquid,No_ChT_EXP50_,No_ChT_EXP50_B-D02,11-09-2023,4,,400,2.125,20,,,,,DS,,TGFBS (Liquid DMEM),,11-29-2023,0.155,Plate1,G8,,0.155,,,2.4358838215122187,0.2588126560356732,,
68,21,HP45-20231221,B-D03,sample,liquid,EXP 50,B-D03,11-10-2023,1,,400,2.125,20,,,,,DS,,TGFBS (Liquid DMEM),,11-29-2023,0.235,Plate1,A9,,0.235,,,5.972463663364996,0.6345742642325308,,
69,21,HP45-20231221,B-D03,sample,liquid,EXP 50,B-D03,11-10-2023,1,,400,2.125,20,,,,,DS,,TGFBS (Liquid DMEM),,11-29-2023,0.213,Plate1,B9,,0.213,,,4.999904206855483,0.531239821978395,,
70,21,HP45-20231221,B-D03,sample,liquid,EXP 50,B-D03,11-10-2023,1,,400,2.125,20,,,,,DS,,TGFBS (Liquid DMEM),,11-29-2023,0.205,Plate1,C9,,0.205,,,4.646246222670204,0.4936636611587092,,
71,21,HP45-20231221,B-D03,sample,liquid,EXP 50,B-D03,11-10-2023,1,,400,2.125,20,,,,,DS,,TGFBS (Liquid DMEM),,11-29-2023,0.207,Plate1,D9,,0.207,,,4.734660718716524,0.5030577013636307,,
72,65,HP45-20231265,B-D03,sample,liquid,No_ChT_EXP50_,No_ChT_EXP50_B-D03,11-10-2023,1,,400,2.125,20,,,,,DS,,TGFBS (Liquid DMEM),,11-29-2023,0.159,Plate1,E9,,0.159,,,2.6127128136048574,0.2776007364455161,,
73,65,HP45-20231265,B-D03,sample,liquid,No_ChT_EXP50_,No_ChT_EXP50_B-D03,11-10-2023,1,,400,2.125,20,,,,,DS,,TGFBS (Liquid DMEM),,11-29-2023,0.156,Plate1,F9,,0.156,,,2.480091069535378,0.2635096761381339,,
74,65,HP45-20231265,B-D03,sample,liquid,No_ChT_EXP50_,No_ChT_EXP50_B-D03,11-10-2023,1,,400,2.125,20,,,,,DS,,TGFBS (Liquid DMEM),,11-29-2023,0.15,Plate1,G9,,0.15,,,2.2148475813964197,0.2353275555233696,,
75,22,HP45-20231222,B-D03,sample,liquid,EXP 50,B-D03,11-10-2023,2,,400,2.125,20,,,,,DS,,TGFBS (Liquid DMEM),,11-29-2023,0.206,Plate1,A10,,0.206,,,4.690453470693365,0.49836068126117,,
76,22,HP45-20231222,B-D03,sample,liquid,EXP 50,B-D03,11-10-2023,2,,400,2.125,20,,,,,DS,,TGFBS (Liquid DMEM),,11-29-2023,0.201,Plate1,B10,,0.201,,,4.469417230577566,0.4748755807488664,,
77,22,HP45-20231222,B-D03,sample,liquid,EXP 50,B-D03,11-10-2023,2,,400,2.125,20,,,,,DS,,TGFBS (Liquid DMEM),,11-29-2023,0.197,Plate1,C10,,0.197,,,4.292588238484928,0.45608750033902357,,
78,22,HP45-20231222,B-D03,sample,liquid,EXP 50,B-D03,11-10-2023,2,,400,2.125,20,,,,,DS,,TGFBS (Liquid DMEM),,11-29-2023,0.198,Plate1,D10,,0.198,,,4.3367954865080875,0.4607845204414843,,
79,66,HP45-20231266,B-D03,sample,liquid,No_ChT_EXP50_,No_ChT_EXP50_B-D03,11-10-2023,2,,400,2.125,20,,,,,DS,,TGFBS (Liquid DMEM),,11-29-2023,0.15,Plate1,E10,,0.15,,,2.2148475813964197,0.2353275555233696,,
80,66,HP45-20231266,B-D03,sample,liquid,No_ChT_EXP50_,No_ChT_EXP50_B-D03,11-10-2023,2,,400,2.125,20,,,,,DS,,TGFBS (Liquid DMEM),,11-29-2023,0.15,Plate1,F10,,0.15,,,2.2148475813964197,0.2353275555233696,,
81,66,HP45-20231266,B-D03,sample,liquid,No_ChT_EXP50_,No_ChT_EXP50_B-D03,11-10-2023,2,,400,2.125,20,,,,,DS,,TGFBS (Liquid DMEM),,11-29-2023,0.147,Plate1,G10,,0.147,,,2.0822258373269404,0.2212364952159874,,
82,23,HP45-20231223,B-D03,sample,liquid,EXP 50,B-D03,11-10-2023,3,,400,2.125,20,,,,,DS,,TGFBS (Liquid DMEM),,11-29-2023,0.207,Plate1,A11,,0.207,,,4.734660718716524,0.5030577013636307,,
83,23,HP45-20231223,B-D03,sample,liquid,EXP 50,B-D03,11-10-2023,3,,400,2.125,20,,,,,DS,,TGFBS (Liquid DMEM),,11-29-2023,0.217,Plate1,B11,,0.217,,,5.1767331989481224,0.550027902388238,,
84,23,HP45-20231223,B-D03,sample,liquid,EXP 50,B-D03,11-10-2023,3,,400,2.125,20,,,,,DS,,TGFBS (Liquid DMEM),,11-29-2023,0.212,Plate1,C11,,0.212,,,4.955696958832323,0.5265428018759344,,
85,23,HP45-20231223,B-D03,sample,liquid,EXP 50,B-D03,11-10-2023,3,,400,2.125,20,,,,,DS,,TGFBS (Liquid DMEM),,11-29-2023,0.21,Plate1,D11,,0.21,,,4.867282462786003,0.5171487616710128,,
86,67,HP45-20231267,B-D03,sample,liquid,No_ChT_EXP50_,No_ChT_EXP50_B-D03,11-10-2023,3,,400,2.125,20,,,,,DS,,TGFBS (Liquid DMEM),,11-29-2023,0.153,Plate1,E11,,0.153,,,2.347469325465899,0.24941861583075178,,
87,67,HP45-20231267,B-D03,sample,liquid,No_ChT_EXP50_,No_ChT_EXP50_B-D03,11-10-2023,3,,400,2.125,20,,,,,DS,,TGFBS (Liquid DMEM),,11-29-2023,0.152,Plate1,F11,,0.152,,,2.3032620774427386,0.244721595728291,,
88,67,HP45-20231267,B-D03,sample,liquid,No_ChT_EXP50_,No_ChT_EXP50_B-D03,11-10-2023,3,,400,2.125,20,,,,,DS,,TGFBS (Liquid DMEM),,11-29-2023,0.148,Plate1,G11,,0.148,,,2.1264330853501,0.2259335153184481,,
89,24,HP45-20231224,B-D03,sample,liquid,EXP 50,B-D03,11-10-2023,4,,400,2.125,20,,,,,DS,,TGFBS (Liquid DMEM),,11-29-2023,0.196,Plate1,A12,,0.196,,,4.248380990461769,0.4513904802365629,,
90,24,HP45-20231224,B-D03,sample,liquid,EXP 50,B-D03,11-10-2023,4,,400,2.125,20,,,,,DS,,TGFBS (Liquid DMEM),,11-29-2023,0.205,Plate1,B12,,0.205,,,4.646246222670204,0.4936636611587092,,
91,24,HP45-20231224,B-D03,sample,liquid,EXP 50,B-D03,11-10-2023,4,,400,2.125,20,,,,,DS,,TGFBS (Liquid DMEM),,11-29-2023,0.213,Plate1,C12,,0.213,,,4.999904206855483,0.531239821978395,,
92,24,HP45-20231224,B-D03,sample,liquid,EXP 50,B-D03,11-10-2023,4,,400,2.125,20,,,,,DS,,TGFBS (Liquid DMEM),,11-29-2023,0.2,Plate1,D12,,0.2,,,4.4252099825544065,0.47017856064640573,,
93,68,HP45-20231268,B-D03,sample,liquid,No_ChT_EXP50_,No_ChT_EXP50_B-D03,11-10-2023,4,,400,2.125,20,,,,,DS,,TGFBS (Liquid DMEM),,11-29-2023,0.159,Plate1,E12,,0.159,,,2.6127128136048574,0.2776007364455161,,
94,68,HP45-20231268,B-D03,sample,liquid,No_ChT_EXP50_,No_ChT_EXP50_B-D03,11-10-2023,4,,400,2.125,20,,,,,DS,,TGFBS (Liquid DMEM),,11-29-2023,0.159,Plate1,F12,,0.159,,,2.6127128136048574,0.2776007364455161,,
95,68,HP45-20231268,B-D03,sample,liquid,No_ChT_EXP50_,No_ChT_EXP50_B-D03,11-10-2023,4,,400,2.125,20,,,,,DS,,TGFBS (Liquid DMEM),,11-29-2023,0.154,Plate1,G12,,0.154,,,2.3916765734890584,0.25411563593321246,,
96,7,HP45-20231207,S5,standard,liquid,231108,s5,11-28-2023,1,,1000,1,20,,,,,DS,1,,,11-29-2023,1.222,Plate2,H1,,1.222,0.9970119461232886,,,,,
97,8,HP45-20231208,S4,standard,liquid,231108,s4,11-28-2023,1,,1000,1,20,,,,,DS,0.8,,,11-29-2023,0.996,Plate2,H2,,0.996,0.9970119461232886,,,,,
98,9,HP45-20231209,S3,standard,liquid,231108,s3,11-28-2023,1,,1000,1,20,,,,,DS,0.6,,,11-29-2023,0.782,Plate2,H3,,0.782,0.9970119461232886,,,,,
99,10,HP45-20231210,S2,standard,liquid,231108,s2,11-28-2023,1,,1000,1,20,,,,,DS,0.4,,,11-29-2023,0.546,Plate2,H4,,0.546,0.9970119461232886,,,,,
100,11,HP45-20231211,S1,standard,liquid,231108,s1,11-28-2023,1,,1000,1,20,,,,,DS,0.2,,,11-29-2023,0.312,Plate2,H5,,0.312,0.9970119461232886,,,,,
101,12,HP45-20231212,S0,standard,liquid,231108,s0,11-28-2023,1,,1000,1,20,,,,,DS,0,,,11-29-2023,0.087,Plate2,H6,,0.087,0.9970119461232886,,,,,
102,7,HP45-20231207,S5,standard,liquid,231108,s5,11-28-2023,1,,1000,1,20,,,,,DS,1,,,11-29-2023,1.146,Plate2,H7,,1.146,0.9970119461232886,,,,,
103,8,HP45-20231208,S4,standard,liquid,231108,s4,11-28-2023,1,,1000,1,20,,,,,DS,0.8,,,11-29-2023,0.966,Plate2,H8,,0.966,0.9970119461232886,,,,,
104,9,HP45-20231209,S3,standard,liquid,231108,s3,11-28-2023,1,,1000,1,20,,,,,DS,0.6,,,11-29-2023,0.745,Plate2,H9,,0.745,0.9970119461232886,,,,,
105,10,HP45-20231210,S2,standard,liquid,231108,s2,11-28-2023,1,,1000,1,20,,,,,DS,0.4,,,11-29-2023,0.549,Plate2,H10,,0.549,0.9970119461232886,,,,,
106,11,HP45-20231211,S1,standard,liquid,231108,s1,11-28-2023,1,,1000,1,20,,,,,DS,0.2,,,11-29-2023,0.323,Plate2,H11,,0.323,0.9970119461232886,,,,,
107,12,HP45-20231212,S0,standard,liquid,231108,s0,11-28-2023,1,,1000,1,20,,,,,DS,0,,,11-29-2023,0.082,Plate2,H12,,0.082,0.9970119461232886,,,,,
108,25,HP45-20231225,B-D04,sample,liquid,EXP 50,B-D04,11-11-2023,1,,400,2.125,20,,,,,DS,,TGFBS (Liquid DMEM),,11-29-2023,0.235,Plate2,A1,,0.235,,,6.368576517365494,0.6766612549700838,,
109,25,HP45-20231225,B-D04,sample,liquid,EXP 50,B-D04,11-11-2023,1,,400,2.125,20,,,,,DS,,TGFBS (Liquid DMEM),,11-29-2023,0.232,Plate2,B1,,0.232,,,6.232690932808193,0.6622234116108706,,
110,25,HP45-20231225,B-D04,sample,liquid,EXP 50,B-D04,11-11-2023,1,,400,2.125,20,,,,,DS,,TGFBS (Liquid DMEM),,11-29-2023,0.229,Plate2,C1,,0.229,,,6.096805348250891,0.6477855682516571,,
111,25,HP45-20231225,B-D04,sample,liquid,EXP 50,B-D04,11-11-2023,1,,400,2.125,20,,,,,DS,,TGFBS (Liquid DMEM),,11-29-2023,0.232,Plate2,D1,,0.232,,,6.232690932808193,0.6622234116108706,,
112,69,HP45-20231269,B-D04,sample,liquid,No_ChT_EXP50_,No_ChT_EXP50_B-D04,11-11-2023,1,,400,2.125,20,,,,,DS,,TGFBS (Liquid DMEM),,11-29-2023,0.16,Plate2,E1,,0.16,,,2.9714369034329486,0.31571517098975077,,
113,69,HP45-20231269,B-D04,sample,liquid,No_ChT_EXP50_,No_ChT_EXP50_B-D04,11-11-2023,1,,400,2.125,20,,,,,DS,,TGFBS (Liquid DMEM),,11-29-2023,0.158,Plate2,F1,,0.158,,,2.8808465137280805,0.3060899420836085,,
114,69,HP45-20231269,B-D04,sample,liquid,No_ChT_EXP50_,No_ChT_EXP50_B-D04,11-11-2023,1,,400,2.125,20,,,,,DS,,TGFBS (Liquid DMEM),,11-29-2023,0.152,Plate2,G1,,0.152,,,2.6090753446134762,0.27721425536518185,,
115,26,HP45-20231226,B-D04,sample,liquid,EXP 50,B-D04,11-11-2023,2,,400,2.125,20,,,,,DS,,TGFBS (Liquid DMEM),,11-29-2023,0.235,Plate2,A2,,0.235,,,6.368576517365494,0.6766612549700838,,
116,26,HP45-20231226,B-D04,sample,liquid,EXP 50,B-D04,11-11-2023,2,,400,2.125,20,,,,,DS,,TGFBS (Liquid DMEM),,11-29-2023,0.232,Plate2,B2,,0.232,,,6.232690932808193,0.6622234116108706,,
117,26,HP45-20231226,B-D04,sample,liquid,EXP 50,B-D04,11-11-2023,2,,400,2.125,20,,,,,DS,,TGFBS (Liquid DMEM),,11-29-2023,0.227,Plate2,C2,,0.227,,,6.006214958546023,0.638160339345515,,
118,26,HP45-20231226,B-D04,sample,liquid,EXP 50,B-D04,11-11-2023,2,,400,2.125,20,,,,,DS,,TGFBS (Liquid DMEM),,11-29-2023,0.223,Plate2,D2,,0.223,,,5.8250341791362885,0.6189098815332306,,
119,70,HP45-20231270,B-D04,sample,liquid,No_ChT_EXP50_,No_ChT_EXP50_B-D04,11-11-2023,2,,400,2.125,20,,,,,DS,,TGFBS (Liquid DMEM),,11-29-2023,0.145,Plate2,E2,,0.145,,,2.292008980646438,0.243525954193684,,
120,70,HP45-20231270,B-D04,sample,liquid,No_ChT_EXP50_,No_ChT_EXP50_B-D04,11-11-2023,2,,400,2.125,20,,,,,DS,,TGFBS (Liquid DMEM),,11-29-2023,0.14,Plate2,F2,,0.14,,,2.0655330063842694,0.21946288192832863,,
121,70,HP45-20231270,B-D04,sample,liquid,No_ChT_EXP50_,No_ChT_EXP50_B-D04,11-11-2023,2,,400,2.125,20,,,,,DS,,TGFBS (Liquid DMEM),,11-29-2023,0.138,Plate2,G2,,0.138,,,1.9749426166794013,0.20983765302218638,,
122,27,HP45-20231227,B-D04,sample,liquid,EXP 50,B-D04,11-11-2023,3,,400,2.125,20,,,,,DS,,TGFBS (Liquid DMEM),,11-29-2023,0.245,Plate2,A3,,0.245,,,6.821528465889834,0.724787399500795,,
123,27,HP45-20231227,B-D04,sample,liquid,EXP 50,B-D04,11-11-2023,3,,400,2.125,20,,,,,DS,,TGFBS (Liquid DMEM),,11-29-2023,0.252,Plate2,B3,,0.252,,,7.138594829856872,0.7584757006722926,,
124,27,HP45-20231227,B-D04,sample,liquid,EXP 50,B-D04,11-11-2023,3,,400,2.125,20,,,,,DS,,TGFBS (Liquid DMEM),,11-29-2023,0.249,Plate2,C3,,0.249,,,7.00270924529957,0.7440378573130793,,
125,27,HP45-20231227,B-D04,sample,liquid,EXP 50,B-D04,11-11-2023,3,,400,2.125,20,,,,,DS,,TGFBS (Liquid DMEM),,11-29-2023,0.319,Plate2,D3,,0.319,,,10.173372884969949,1.0809208690280572,,
126,71,HP45-20231271,B-D04,sample,liquid,No_ChT_EXP50_,No_ChT_EXP50_B-D04,11-11-2023,3,,400,2.125,20,,,,,DS,,TGFBS (Liquid DMEM),,11-29-2023,0.173,Plate2,E3,,0.173,,,3.5602744365145886,0.37827915887967506,,
127,71,HP45-20231271,B-D04,sample,liquid,No_ChT_EXP50_,No_ChT_EXP50_B-D04,11-11-2023,3,,400,2.125,20,,,,,DS,,TGFBS (Liquid DMEM),,11-29-2023,0.148,Plate2,F3,,0.148,,,2.42789456520374,0.2579637975528974,,
128,71,HP45-20231271,B-D04,sample,liquid,No_ChT_EXP50_,No_ChT_EXP50_B-D04,11-11-2023,3,,400,2.125,20,,,,,DS,,TGFBS (Liquid DMEM),,11-29-2023,0.146,Plate2,G3,,0.146,,,2.337304175498872,0.24833856864675513,,
129,28,HP45-20231228,B-D04,sample,liquid,EXP 50,B-D04,11-11-2023,4,,400,2.125,20,,,,,DS,,TGFBS (Liquid DMEM),,11-29-2023,0.238,Plate2,A4,,0.238,,,6.504462101922796,0.6910990983292971,,
130,28,HP45-20231228,B-D04,sample,liquid,EXP 50,B-D04,11-11-2023,4,,400,2.125,20,,,,,DS,,TGFBS (Liquid DMEM),,11-29-2023,0.238,Plate2,B4,,0.238,,,6.504462101922796,0.6910990983292971,,
131,28,HP45-20231228,B-D04,sample,liquid,EXP 50,B-D04,11-11-2023,4,,400,2.125,20,,,,,DS,,TGFBS (Liquid DMEM),,11-29-2023,0.236,Plate2,C4,,0.236,,,6.413871712217928,0.6814738694231548,,
132,28,HP45-20231228,B-D04,sample,liquid,EXP 50,B-D04,11-11-2023,4,,400,2.125,20,,,,,DS,,TGFBS (Liquid DMEM),,11-29-2023,0.238,Plate2,D4,,0.238,,,6.504462101922796,0.6910990983292971,,
133,72,HP45-20231272,B-D04,sample,liquid,No_ChT_EXP50_,No_ChT_EXP50_B-D04,11-11-2023,4,,400,2.125,20,,,,,DS,,TGFBS (Liquid DMEM),,11-29-2023,0.154,Plate2,E4,,0.154,,,2.6996657343183443,0.2868394842713241,,
134,72,HP45-20231272,B-D04,sample,liquid,No_ChT_EXP50_,No_ChT_EXP50_B-D04,11-11-2023,4,,400,2.125,20,,,,,DS,,TGFBS (Liquid DMEM),,11-29-2023,0.151,Plate2,F4,,0.151,,,2.563780149761042,0.2724016409121108,,
135,72,HP45-20231272,B-D04,sample,liquid,No_ChT_EXP50_,No_ChT_EXP50_B-D04,11-11-2023,4,,400,2.125,20,,,,,DS,,TGFBS (Liquid DMEM),,11-29-2023,0.151,Plate2,G4,,0.151,,,2.563780149761042,0.2724016409121108,,
136,29,HP45-20231229,B-D05,sample,liquid,EXP 50,B-D05,11-12-2023,1,,400,2.125,20,,,,,DS,,TGFBS (Liquid DMEM),,11-29-2023,0.248,Plate2,A5,,0.248,,,6.957414050447136,0.7392252428600082,,
137,29,HP45-20231229,B-D05,sample,liquid,EXP 50,B-D05,11-12-2023,1,,400,2.125,20,,,,,DS,,TGFBS (Liquid DMEM),,11-29-2023,0.25,Plate2,B5,,0.25,,,7.048004440152004,0.7488504717661505,,
138,29,HP45-20231229,B-D05,sample,liquid,EXP 50,B-D05,11-12-2023,1,,400,2.125,20,,,,,DS,,TGFBS (Liquid DMEM),,11-29-2023,0.246,Plate2,C5,,0.246,,,6.866823660742268,0.729600013953866,,
139,29,HP45-20231229,B-D05,sample,liquid,EXP 50,B-D05,11-12-2023,1,,400,2.125,20,,,,,DS,,TGFBS (Liquid DMEM),,11-29-2023,0.245,Plate2,D5,,0.245,,,6.821528465889834,0.724787399500795,,
140,73,HP45-20231273,B-D05,sample,liquid,No_ChT_EXP50_,No_ChT_EXP50_B-D05,11-12-2023,1,,400,2.125,20,,,,,DS,,TGFBS (Liquid DMEM),,11-29-2023,0.151,Plate2,E5,,0.151,,,2.563780149761042,0.2724016409121108,,
141,73,HP45-20231273,B-D05,sample,liquid,No_ChT_EXP50_,No_ChT_EXP50_B-D05,11-12-2023,1,,400,2.125,20,,,,,DS,,TGFBS (Liquid DMEM),,11-29-2023,0.151,Plate2,F5,,0.151,,,2.563780149761042,0.2724016409121108,,
142,73,HP45-20231273,B-D05,sample,liquid,No_ChT_EXP50_,No_ChT_EXP50_B-D05,11-12-2023,1,,400,2.125,20,,,,,DS,,TGFBS (Liquid DMEM),,11-29-2023,0.144,Plate2,G5,,0.144,,,2.246713785794004,0.23871333974061293,,
143,30,HP45-20231230,B-D05,sample,liquid,EXP 50,B-D05,11-12-2023,2,,400,2.125,20,,,,,DS,,TGFBS (Liquid DMEM),,11-29-2023,0.255,Plate2,A6,,0.255,,,7.274480414414175,0.7729135440315061,,
144,30,HP45-20231230,B-D05,sample,liquid,EXP 50,B-D05,11-12-2023,2,,400,2.125,20,,,,,DS,,TGFBS (Liquid DMEM),,11-29-2023,0.252,Plate2,B6,,0.252,,,7.138594829856872,0.7584757006722926,,
145,30,HP45-20231230,B-D05,sample,liquid,EXP 50,B-D05,11-12-2023,2,,400,2.125,20,,,,,DS,,TGFBS (Liquid DMEM),,11-29-2023,0.256,Plate2,C6,,0.256,,,7.319775609266609,0.7777261584845772,,
146,30,HP45-20231230,B-D05,sample,liquid,EXP 50,B-D05,11-12-2023,2,,400,2.125,20,,,,,DS,,TGFBS (Liquid DMEM),,11-29-2023,0.248,Plate2,D6,,0.248,,,6.957414050447136,0.7392252428600082,,
147,74,HP45-20231274,B-D05,sample,liquid,No_ChT_EXP50_,No_ChT_EXP50_B-D05,11-12-2023,2,,400,2.125,20,,,,,DS,,TGFBS (Liquid DMEM),,11-29-2023,0.145,Plate2,E6,,0.145,,,2.292008980646438,0.243525954193684,,
148,74,HP45-20231274,B-D05,sample,liquid,No_ChT_EXP50_,No_ChT_EXP50_B-D05,11-12-2023,2,,400,2.125,20,,,,,DS,,TGFBS (Liquid DMEM),,11-29-2023,0.145,Plate2,F6,,0.145,,,2.292008980646438,0.243525954193684,,
149,74,HP45-20231274,B-D05,sample,liquid,No_ChT_EXP50_,No_ChT_EXP50_B-D05,11-12-2023,2,,400,2.125,20,,,,,DS,,TGFBS (Liquid DMEM),,11-29-2023,0.143,Plate2,G6,,0.143,,,2.2014185909415707,0.23390072528754188,,
150,31,HP45-20231231,B-D05,sample,liquid,EXP 50,B-D05,11-12-2023,3,,400,2.125,20,,,,,DS,,TGFBS (Liquid DMEM),,11-29-2023,0.275,Plate2,A7,,0.275,,,8.180384311462854,0.8691658330929282,,
151,31,HP45-20231231,B-D05,sample,liquid,EXP 50,B-D05,11-12-2023,3,,400,2.125,20,,,,,DS,,TGFBS (Liquid DMEM),,11-29-2023,0.265,Plate2,B7,,0.265,,,7.727432362938515,0.8210396885622173,,
152,31,HP45-20231231,B-D05,sample,liquid,EXP 50,B-D05,11-12-2023,3,,400,2.125,20,,,,,DS,,TGFBS (Liquid DMEM),,11-29-2023,0.263,Plate2,C7,,0.263,,,7.636841973233647,0.811414459656075,,
153,31,HP45-20231231,B-D05,sample,liquid,EXP 50,B-D05,11-12-2023,3,,400,2.125,20,,,,,DS,,TGFBS (Liquid DMEM),,11-29-2023,0.261,Plate2,D7,,0.261,,,7.546251583528779,0.8017892307499328,,
154,75,HP45-20231275,B-D05,sample,liquid,No_ChT_EXP50_,No_ChT_EXP50_B-D05,11-12-2023,3,,400,2.125,20,,,,,DS,,TGFBS (Liquid DMEM),,11-29-2023,0.141,Plate2,E7,,0.141,,,2.1108282012367026,0.22427549638139962,,
155,75,HP45-20231275,B-D05,sample,liquid,No_ChT_EXP50_,No_ChT_EXP50_B-D05,11-12-2023,3,,400,2.125,20,,,,,DS,,TGFBS (Liquid DMEM),,11-29-2023,0.144,Plate2,F7,,0.144,,,2.246713785794004,0.23871333974061293,,
156,75,HP45-20231275,B-D05,sample,liquid,No_ChT_EXP50_,No_ChT_EXP50_B-D05,11-12-2023,3,,400,2.125,20,,,,,DS,,TGFBS (Liquid DMEM),,11-29-2023,0.141,Plate2,G7,,0.141,,,2.1108282012367026,0.22427549638139962,,
157,32,HP45-20231232,B-D05,sample,liquid,EXP 50,B-D05,11-12-2023,4,,400,2.125,20,,,,,DS,,TGFBS (Liquid DMEM),,11-29-2023,0.261,Plate2,A8,,0.261,,,7.546251583528779,0.8017892307499328,,
158,32,HP45-20231232,B-D05,sample,liquid,EXP 50,B-D05,11-12-2023,4,,400,2.125,20,,,,,DS,,TGFBS (Liquid DMEM),,11-29-2023,0.26,Plate2,B8,,0.26,,,7.500956388676345,0.7969766162968617,,
159,32,HP45-20231232,B-D05,sample,liquid,EXP 50,B-D05,11-12-2023,4,,400,2.125,20,,,,,DS,,TGFBS (Liquid DMEM),,11-29-2023,0.251,Plate2,C8,,0.251,,,7.093299635004438,0.7536630862192216,,
160,32,HP45-20231232,B-D05,sample,liquid,EXP 50,B-D05,11-12-2023,4,,400,2.125,20,,,,,DS,,TGFBS (Liquid DMEM),,11-29-2023,0.257,Plate2,D8,,0.257,,,7.365070804119043,0.7825387729376483,,
161,76,HP45-20231276,B-D05,sample,liquid,No_ChT_EXP50_,No_ChT_EXP50_B-D05,11-12-2023,4,,400,2.125,20,,,,,DS,,TGFBS (Liquid DMEM),,11-29-2023,0.148,Plate2,E8,,0.148,,,2.42789456520374,0.2579637975528974,,
162,76,HP45-20231276,B-D05,sample,liquid,No_ChT_EXP50_,No_ChT_EXP50_B-D05,11-12-2023,4,,400,2.125,20,,,,,DS,,TGFBS (Liquid DMEM),,11-29-2023,0.152,Plate2,F8,,0.152,,,2.6090753446134762,0.27721425536518185,,
163,76,HP45-20231276,B-D05,sample,liquid,No_ChT_EXP50_,No_ChT_EXP50_B-D05,11-12-2023,4,,400,2.125,20,,,,,DS,,TGFBS (Liquid DMEM),,11-29-2023,0.15,Plate2,G8,,0.15,,,2.518484954908608,0.2675890264590396,,
164,33,HP45-20231233,B-D06,sample,liquid,EXP 50,B-D06,11-13-2023,1,,400,2.125,20,,,,,DS,,TGFBS (Liquid DMEM),,11-29-2023,0.272,Plate2,A9,,0.272,,,8.044498726905552,0.8547279897337148,,
165,33,HP45-20231233,B-D06,sample,liquid,EXP 50,B-D06,11-13-2023,1,,400,2.125,20,,,,,DS,,TGFBS (Liquid DMEM),,11-29-2023,0.268,Plate2,B9,,0.268,,,7.8633179474958155,0.8354775319214305,,
166,33,HP45-20231233,B-D06,sample,liquid,EXP 50,B-D06,11-13-2023,1,,400,2.125,20,,,,,DS,,TGFBS (Liquid DMEM),,11-29-2023,0.268,Plate2,C9,,0.268,,,7.8633179474958155,0.8354775319214305,,
167,33,HP45-20231233,B-D06,sample,liquid,EXP 50,B-D06,11-13-2023,1,,400,2.125,20,,,,,DS,,TGFBS (Liquid DMEM),,11-29-2023,0.266,Plate2,D9,,0.266,,,7.772727557790949,0.8258523030152883,,
168,77,HP45-20231277,B-D06,sample,liquid,No_ChT_EXP50_,No_ChT_EXP50_B-D06,11-13-2023,1,,400,2.125,20,,,,,DS,,TGFBS (Liquid DMEM),,11-29-2023,0.155,Plate2,E9,,0.155,,,2.7449609291707784,0.2916520987243952,,
169,77,HP45-20231277,B-D06,sample,liquid,No_ChT_EXP50_,No_ChT_EXP50_B-D06,11-13-2023,1,,400,2.125,20,,,,,DS,,TGFBS (Liquid DMEM),,11-29-2023,0.152,Plate2,F9,,0.152,,,2.6090753446134762,0.27721425536518185,,
170,77,HP45-20231277,B-D06,sample,liquid,No_ChT_EXP50_,No_ChT_EXP50_B-D06,11-13-2023,1,,400,2.125,20,,,,,DS,,TGFBS (Liquid DMEM),,11-29-2023,0.15,Plate2,G9,,0.15,,,2.518484954908608,0.2675890264590396,,
171,34,HP45-20231234,B-D06,sample,liquid,EXP 50,B-D06,11-13-2023,2,,400,2.125,20,,,,,DS,,TGFBS (Liquid DMEM),,11-29-2023,0.258,Plate2,A10,,0.258,,,7.410365998971477,0.7873513873907194,,
172,34,HP45-20231234,B-D06,sample,liquid,EXP 50,B-D06,11-13-2023,2,,400,2.125,20,,,,,DS,,TGFBS (Liquid DMEM),,11-29-2023,0.257,Plate2,B10,,0.257,,,7.365070804119043,0.7825387729376483,,
173,34,HP45-20231234,B-D06,sample,liquid,EXP 50,B-D06,11-13-2023,2,,400,2.125,20,,,,,DS,,TGFBS (Liquid DMEM),,11-29-2023,0.255,Plate2,C10,,0.255,,,7.274480414414175,0.7729135440315061,,
174,34,HP45-20231234,B-D06,sample,liquid,EXP 50,B-D06,11-13-2023,2,,400,2.125,20,,,,,DS,,TGFBS (Liquid DMEM),,11-29-2023,0.258,Plate2,D10,,0.258,,,7.410365998971477,0.7873513873907194,,
175,78,HP45-20231278,B-D06,sample,liquid,No_ChT_EXP50_,No_ChT_EXP50_B-D06,11-13-2023,2,,400,2.125,20,,,,,DS,,TGFBS (Liquid DMEM),,11-29-2023,0.142,Plate2,E10,,0.142,,,2.1561233960891366,0.22908811083447075,,
176,78,HP45-20231278,B-D06,sample,liquid,No_ChT_EXP50_,No_ChT_EXP50_B-D06,11-13-2023,2,,400,2.125,20,,,,,DS,,TGFBS (Liquid DMEM),,11-29-2023,0.141,Plate2,F10,,0.141,,,2.1108282012367026,0.22427549638139962,,
177,78,HP45-20231278,B-D06,sample,liquid,No_ChT_EXP50_,No_ChT_EXP50_B-D06,11-13-2023,2,,400,2.125,20,,,,,DS,,TGFBS (Liquid DMEM),,11-29-2023,0.138,Plate2,G10,,0.138,,,1.9749426166794013,0.20983765302218638,,
178,35,HP45-20231235,B-D06,sample,liquid,EXP 50,B-D06,11-13-2023,3,,400,2.125,20,,,,,DS,,TGFBS (Liquid DMEM),,11-29-2023,0.284,Plate2,A11,,0.284,,,8.588041065134759,0.9124793631705681,,
179,35,HP45-20231235,B-D06,sample,liquid,EXP 50,B-D06,11-13-2023,3,,400,2.125,20,,,,,DS,,TGFBS (Liquid DMEM),,11-29-2023,0.286,Plate2,B11,,0.286,,,8.678631454839627,0.9221045920767104,,
180,35,HP45-20231235,B-D06,sample,liquid,EXP 50,B-D06,11-13-2023,3,,400,2.125,20,,,,,DS,,TGFBS (Liquid DMEM),,11-29-2023,0.274,Plate2,C11,,0.274,,,8.13508911661042,0.8643532186398571,,
181,35,HP45-20231235,B-D06,sample,liquid,EXP 50,B-D06,11-13-2023,3,,400,2.125,20,,,,,DS,,TGFBS (Liquid DMEM),,11-29-2023,0.278,Plate2,D11,,0.278,,,8.316269896020156,0.8836036764521417,,
182,79,HP45-20231279,B-D06,sample,liquid,No_ChT_EXP50_,No_ChT_EXP50_B-D06,11-13-2023,3,,400,2.125,20,,,,,DS,,TGFBS (Liquid DMEM),,11-29-2023,0.142,Plate2,E11,,0.142,,,2.1561233960891366,0.22908811083447075,,
183,79,HP45-20231279,B-D06,sample,liquid,No_ChT_EXP50_,No_ChT_EXP50_B-D06,11-13-2023,3,,400,2.125,20,,,,,DS,,TGFBS (Liquid DMEM),,11-29-2023,0.139,Plate2,F11,,0.139,,,2.0202378115318353,0.2146502674752575,,
184,79,HP45-20231279,B-D06,sample,liquid,No_ChT_EXP50_,No_ChT_EXP50_B-D06,11-13-2023,3,,400,2.125,20,,,,,DS,,TGFBS (Liquid DMEM),,11-29-2023,0.137,Plate2,G11,,0.137,,,1.9296474218269672,0.20502503856911525,,
185,36,HP45-20231236,B-D06,sample,liquid,EXP 50,B-D06,11-13-2023,4,,400,2.125,20,,,,,DS,,TGFBS (Liquid DMEM),,11-29-2023,0.272,Plate2,A12,,0.272,,,8.044498726905552,0.8547279897337148,,
186,36,HP45-20231236,B-D06,sample,liquid,EXP 50,B-D06,11-13-2023,4,,400,2.125,20,,,,,DS,,TGFBS (Liquid DMEM),,11-29-2023,0.264,Plate2,B12,,0.264,,,7.682137168086081,0.8162270741091461,,
187,36,HP45-20231236,B-D06,sample,liquid,EXP 50,B-D06,11-13-2023,4,,400,2.125,20,,,,,DS,,TGFBS (Liquid DMEM),,11-29-2023,0.269,Plate2,C12,,0.269,,,7.9086131423482495,0.8402901463745015,,
188,36,HP45-20231236,B-D06,sample,liquid,EXP 50,B-D06,11-13-2023,4,,400,2.125,20,,,,,DS,,TGFBS (Liquid DMEM),,11-29-2023,0.269,Plate2,D12,,0.269,,,7.9086131423482495,0.8402901463745015,,
189,80,HP45-20231280,B-D06,sample,liquid,No_ChT_EXP50_,No_ChT_EXP50_B-D06,11-13-2023,4,,400,2.125,20,,,,,DS,,TGFBS (Liquid DMEM),,11-29-2023,0.146,Plate2,E12,,0.146,,,2.337304175498872,0.24833856864675513,,
190,80,HP45-20231280,B-D06,sample,liquid,No_ChT_EXP50_,No_ChT_EXP50_B-D06,11-13-2023,4,,400,2.125,20,,,,,DS,,TGFBS (Liquid DMEM),,11-29-2023,0.143,Plate2,F12,,0.143,,,2.2014185909415707,0.23390072528754188,,
191,80,HP45-20231280,B-D06,sample,liquid,No_ChT_EXP50_,No_ChT_EXP50_B-D06,11-13-2023,4,,400,2.125,20,,,,,DS,,TGFBS (Liquid DMEM),,11-29-2023,0.14,Plate2,G12,,0.14,,,2.0655330063842694,0.21946288192832863,,
192,7,HP45-20231207,S5,standard,liquid,231108,s5,11-28-2023,1,,1000,1,20,,,,,DS,1,,,11-29-2023,1.08,Plate3,H1,,1.08,0.9948897947139002,,,,,
193,8,HP45-20231208,S4,standard,liquid,231108,s4,11-28-2023,1,,1000,1,20,,,,,DS,0.8,,,11-29-2023,0.94,Plate3,H2,,0.94,0.9948897947139002,,,,,
194,9,HP45-20231209,S3,standard,liquid,231108,s3,11-28-2023,1,,1000,1,20,,,,,DS,0.6,,,11-29-2023,0.74,Plate3,H3,,0.74,0.9948897947139002,,,,,
195,10,HP45-20231210,S2,standard,liquid,231108,s2,11-28-2023,1,,1000,1,20,,,,,DS,0.4,,,11-29-2023,0.53,Plate3,H4,,0.53,0.9948897947139002,,,,,
196,11,HP45-20231211,S1,standard,liquid,231108,s1,11-28-2023,1,,1000,1,20,,,,,DS,0.2,,,11-29-2023,0.322,Plate3,H5,,0.322,0.9948897947139002,,,,,
197,12,HP45-20231212,S0,standard,liquid,231108,s0,11-28-2023,1,,1000,1,20,,,,,DS,0,,,11-29-2023,0.086,Plate3,H6,,0.086,0.9948897947139002,,,,,
198,7,HP45-20231207,S5,standard,liquid,231108,s5,11-28-2023,1,,1000,1,20,,,,,DS,1,,,11-29-2023,1.073,Plate3,H7,,1.073,0.9948897947139002,,,,,
199,8,HP45-20231208,S4,standard,liquid,231108,s4,11-28-2023,1,,1000,1,20,,,,,DS,0.8,,,11-29-2023,0.941,Plate3,H8,,0.941,0.9948897947139002,,,,,
200,9,HP45-20231209,S3,standard,liquid,231108,s3,11-28-2023,1,,1000,1,20,,,,,DS,0.6,,,11-29-2023,0.722,Plate3,H9,,0.722,0.9948897947139002,,,,,
201,10,HP45-20231210,S2,standard,liquid,231108,s2,11-28-2023,1,,1000,1,20,,,,,DS,0.4,,,11-29-2023,0.531,Plate3,H10,,0.531,0.9948897947139002,,,,,
202,11,HP45-20231211,S1,standard,liquid,231108,s1,11-28-2023,1,,1000,1,20,,,,,DS,0.2,,,11-29-2023,0.31,Plate3,H11,,0.31,0.9948897947139002,,,,,
203,12,HP45-20231212,S0,standard,liquid,231108,s0,11-28-2023,1,,1000,1,20,,,,,DS,0,,,11-29-2023,0.084,Plate3,H12,,0.084,0.9948897947139002,,,,,
204,37,HP45-20231237,B-D07,sample,liquid,EXP 50,B-D07,11-14-2023,1,,400,2.125,20,,,,,DS,,TGFBS (Liquid DMEM),,11-29-2023,0.317,Plate3,A1,,0.317,,,10.329213455251734,1.0974789296204968,,
205,37,HP45-20231237,B-D07,sample,liquid,EXP 50,B-D07,11-14-2023,1,,400,2.125,20,,,,,DS,,TGFBS (Liquid DMEM),,11-29-2023,0.269,Plate3,B1,,0.269,,,7.952174622684927,0.8449185536602735,,
206,37,HP45-20231237,B-D07,sample,liquid,EXP 50,B-D07,11-14-2023,1,,400,2.125,20,,,,,DS,,TGFBS (Liquid DMEM),,11-29-2023,0.278,Plate3,C1,,0.278,,,8.397869403791203,0.8922736241528153,,
207,37,HP45-20231237,B-D07,sample,liquid,EXP 50,B-D07,11-14-2023,1,,400,2.125,20,,,,,DS,,TGFBS (Liquid DMEM),,11-29-2023,0.277,Plate3,D1,,0.277,,,8.348347761446062,0.8870119496536442,,
208,81,HP45-20231281,B-D07,sample,liquid,No_ChT_EXP50_,No_ChT_EXP50_B-D07,11-14-2023,1,,400,2.125,20,,,,,DS,,TGFBS (Liquid DMEM),,11-29-2023,0.147,Plate3,E1,,0.147,,,1.9105342565776189,0.20299426476137203,,
209,81,HP45-20231281,B-D07,sample,liquid,No_ChT_EXP50_,No_ChT_EXP50_B-D07,11-14-2023,1,,400,2.125,20,,,,,DS,,TGFBS (Liquid DMEM),,11-29-2023,0.145,Plate3,F1,,0.145,,,1.811490971887335,0.19247091576302935,,
210,81,HP45-20231281,B-D07,sample,liquid,No_ChT_EXP50_,No_ChT_EXP50_B-D07,11-14-2023,1,,400,2.125,20,,,,,DS,,TGFBS (Liquid DMEM),,11-29-2023,0.148,Plate3,G1,,0.148,,,1.9600558989227608,0.2082559392605433,,
211,38,HP45-20231238,B-D07,sample,liquid,EXP 50,B-D07,11-14-2023,2,,400,2.125,20,,,,,DS,,TGFBS (Liquid DMEM),,11-29-2023,0.258,Plate3,A2,,0.258,,,7.407436556888365,0.7870401341693888,,
212,38,HP45-20231238,B-D07,sample,liquid,EXP 50,B-D07,11-14-2023,2,,400,2.125,20,,,,,DS,,TGFBS (Liquid DMEM),,11-29-2023,0.256,Plate3,B2,,0.256,,,7.3083932721980815,0.7765167851710462,,
213,38,HP45-20231238,B-D07,sample,liquid,EXP 50,B-D07,11-14-2023,2,,400,2.125,20,,,,,DS,,TGFBS (Liquid DMEM),,11-29-2023,0.259,Plate3,C2,,0.259,,,7.456958199233508,0.7923018086685601,,
214,38,HP45-20231238,B-D07,sample,liquid,EXP 50,B-D07,11-14-2023,2,,400,2.125,20,,,,,DS,,TGFBS (Liquid DMEM),,11-29-2023,0.256,Plate3,D2,,0.256,,,7.3083932721980815,0.7765167851710462,,
215,82,HP45-20231282,B-D07,sample,liquid,No_ChT_EXP50_,No_ChT_EXP50_B-D07,11-14-2023,2,,400,2.125,20,,,,,DS,,TGFBS (Liquid DMEM),,11-29-2023,0.138,Plate3,E2,,0.138,,,1.4648394754713436,0.15563919426883027,,
216,82,HP45-20231282,B-D07,sample,liquid,No_ChT_EXP50_,No_ChT_EXP50_B-D07,11-14-2023,2,,400,2.125,20,,,,,DS,,TGFBS (Liquid DMEM),,11-29-2023,0.14,Plate3,F2,,0.14,,,1.5638827601616274,0.1661625432671729,,
217,82,HP45-20231282,B-D07,sample,liquid,No_ChT_EXP50_,No_ChT_EXP50_B-D07,11-14-2023,2,,400,2.125,20,,,,,DS,,TGFBS (Liquid DMEM),,11-29-2023,0.14,Plate3,G2,,0.14,,,1.5638827601616274,0.1661625432671729,,
218,39,HP45-20231239,B-D07,sample,liquid,EXP 50,B-D07,11-14-2023,3,,400,2.125,20,,,,,DS,,TGFBS (Liquid DMEM),,11-29-2023,0.275,Plate3,A3,,0.275,,,8.249304476755778,0.8764886006553015,,
219,39,HP45-20231239,B-D07,sample,liquid,EXP 50,B-D07,11-14-2023,3,,400,2.125,20,,,,,DS,,TGFBS (Liquid DMEM),,11-29-2023,0.278,Plate3,B3,,0.278,,,8.397869403791203,0.8922736241528153,,
220,39,HP45-20231239,B-D07,sample,liquid,EXP 50,B-D07,11-14-2023,3,,400,2.125,20,,,,,DS,,TGFBS (Liquid DMEM),,11-29-2023,0.279,Plate3,C3,,0.279,,,8.447391046136346,0.8975352986519867,,
221,39,HP45-20231239,B-D07,sample,liquid,EXP 50,B-D07,11-14-2023,3,,400,2.125,20,,,,,DS,,TGFBS (Liquid DMEM),,11-29-2023,0.287,Plate3,D3,,0.287,,,8.843564184897478,0.939628694645357,,
222,83,HP45-20231283,B-D07,sample,liquid,No_ChT_EXP50_,No_ChT_EXP50_B-D07,11-14-2023,3,,400,2.125,20,,,,,DS,,TGFBS (Liquid DMEM),,11-29-2023,0.138,Plate3,E3,,0.138,,,1.4648394754713436,0.15563919426883027,,
223,83,HP45-20231283,B-D07,sample,liquid,No_ChT_EXP50_,No_ChT_EXP50_B-D07,11-14-2023,3,,400,2.125,20,,,,,DS,,TGFBS (Liquid DMEM),,11-29-2023,0.14,Plate3,F3,,0.14,,,1.5638827601616274,0.1661625432671729,,
224,83,HP45-20231283,B-D07,sample,liquid,No_ChT_EXP50_,No_ChT_EXP50_B-D07,11-14-2023,3,,400,2.125,20,,,,,DS,,TGFBS (Liquid DMEM),,11-29-2023,0.142,Plate3,G3,,0.142,,,1.6629260448519094,0.1766858922655154,,
225,40,HP45-20231240,B-D07,sample,liquid,EXP 50,B-D07,11-14-2023,4,,400,2.125,20,,,,,DS,,TGFBS (Liquid DMEM),,11-29-2023,0.29,Plate3,A4,,0.29,,,8.992129111932902,0.9554137181428709,,
226,40,HP45-20231240,B-D07,sample,liquid,EXP 50,B-D07,11-14-2023,4,,400,2.125,20,,,,,DS,,TGFBS (Liquid DMEM),,11-29-2023,0.311,Plate3,B4,,0.311,,,10.032083601180883,1.0659088826254688,,
227,40,HP45-20231240,B-D07,sample,liquid,EXP 50,B-D07,11-14-2023,4,,400,2.125,20,,,,,DS,,TGFBS (Liquid DMEM),,11-29-2023,0.304,Plate3,C4,,0.304,,,9.685432104764889,1.0290771611312695,,
228,40,HP45-20231240,B-D07,sample,liquid,EXP 50,B-D07,11-14-2023,4,,400,2.125,20,,,,,DS,,TGFBS (Liquid DMEM),,11-29-2023,0.298,Plate3,D4,,0.298,,,9.388302250694037,0.9975071141362415,,
229,84,HP45-20231284,B-D07,sample,liquid,No_ChT_EXP50_,No_ChT_EXP50_B-D07,11-14-2023,4,,400,2.125,20,,,,,DS,,TGFBS (Liquid DMEM),,11-29-2023,0.15,Plate3,E4,,0.15,,,2.0590991836130446,0.21877928825888598,,
230,84,HP45-20231284,B-D07,sample,liquid,No_ChT_EXP50_,No_ChT_EXP50_B-D07,11-14-2023,4,,400,2.125,20,,,,,DS,,TGFBS (Liquid DMEM),,11-29-2023,0.15,Plate3,F4,,0.15,,,2.0590991836130446,0.21877928825888598,,
231,84,HP45-20231284,B-D07,sample,liquid,No_ChT_EXP50_,No_ChT_EXP50_B-D07,11-14-2023,4,,400,2.125,20,,,,,DS,,TGFBS (Liquid DMEM),,11-29-2023,0.157,Plate3,G4,,0.157,,,2.4057506800290387,0.25561100975308537,,
232,41,HP45-20231241,B-D08,sample,liquid,EXP 50,B-D08,11-15-2023,1,,400,2.125,20,,,,,DS,,TGFBS (Liquid DMEM),,11-29-2023,0.26,Plate3,A5,,0.26,,,7.506479841578649,0.7975634831677315,,
233,41,HP45-20231241,B-D08,sample,liquid,EXP 50,B-D08,11-15-2023,1,,400,2.125,20,,,,,DS,,TGFBS (Liquid DMEM),,11-29-2023,0.266,Plate3,B5,,0.266,,,7.8036096956495005,0.8291335301627594,,
234,41,HP45-20231241,B-D08,sample,liquid,EXP 50,B-D08,11-15-2023,1,,400,2.125,20,,,,,DS,,TGFBS (Liquid DMEM),,11-29-2023,0.268,Plate3,C5,,0.268,,,7.902652980339784,0.839656879161102,,
235,41,HP45-20231241,B-D08,sample,liquid,EXP 50,B-D08,11-15-2023,1,,400,2.125,20,,,,,DS,,TGFBS (Liquid DMEM),,11-29-2023,0.249,Plate3,D5,,0.249,,,6.961741775782087,0.7396850636768468,,
236,85,HP45-20231285,B-D08,sample,liquid,No_ChT_EXP50_,No_ChT_EXP50_B-D08,11-15-2023,1,,400,2.125,20,,,,,DS,,TGFBS (Liquid DMEM),,11-29-2023,0.152,Plate3,E5,,0.152,,,2.1581424683033283,0.22930263725722866,,
237,85,HP45-20231285,B-D08,sample,liquid,No_ChT_EXP50_,No_ChT_EXP50_B-D08,11-15-2023,1,,400,2.125,20,,,,,DS,,TGFBS (Liquid DMEM),,11-29-2023,0.149,Plate3,F5,,0.149,,,2.0095775412679027,0.21351761375971465,,
238,85,HP45-20231285,B-D08,sample,liquid,No_ChT_EXP50_,No_ChT_EXP50_B-D08,11-15-2023,1,,400,2.125,20,,,,,DS,,TGFBS (Liquid DMEM),,11-29-2023,0.149,Plate3,G5,,0.149,,,2.0095775412679027,0.21351761375971465,,
239,42,HP45-20231242,B-D08,sample,liquid,EXP 50,B-D08,11-15-2023,2,,400,2.125,20,,,,,DS,,TGFBS (Liquid DMEM),,11-29-2023,0.252,Plate3,A6,,0.252,,,7.110306702817514,0.7554700871743608,,
240,42,HP45-20231242,B-D08,sample,liquid,EXP 50,B-D08,11-15-2023,2,,400,2.125,20,,,,,DS,,TGFBS (Liquid DMEM),,11-29-2023,0.253,Plate3,B6,,0.253,,,7.159828345162657,0.7607317616735323,,
241,42,HP45-20231242,B-D08,sample,liquid,EXP 50,B-D08,11-15-2023,2,,400,2.125,20,,,,,DS,,TGFBS (Liquid DMEM),,11-29-2023,0.248,Plate3,C6,,0.248,,,6.912220133436946,0.7344233891776755,,
242,42,HP45-20231242,B-D08,sample,liquid,EXP 50,B-D08,11-15-2023,2,,400,2.125,20,,,,,DS,,TGFBS (Liquid DMEM),,11-29-2023,0.241,Plate3,D6,,0.241,,,6.565568637020952,0.6975916676834761,,
243,86,HP45-20231286,B-D08,sample,liquid,No_ChT_EXP50_,No_ChT_EXP50_B-D08,11-15-2023,2,,400,2.125,20,,,,,DS,,TGFBS (Liquid DMEM),,11-29-2023,0.143,Plate3,E6,,0.143,,,1.7124476871970513,0.18194756676468668,,
244,86,HP45-20231286,B-D08,sample,liquid,No_ChT_EXP50_,No_ChT_EXP50_B-D08,11-15-2023,2,,400,2.125,20,,,,,DS,,TGFBS (Liquid DMEM),,11-29-2023,0.14,Plate3,F6,,0.14,,,1.5638827601616274,0.1661625432671729,,
245,86,HP45-20231286,B-D08,sample,liquid,No_ChT_EXP50_,No_ChT_EXP50_B-D08,11-15-2023,2,,400,2.125,20,,,,,DS,,TGFBS (Liquid DMEM),,11-29-2023,0.142,Plate3,G6,,0.142,,,1.6629260448519094,0.1766858922655154,,
246,43,HP45-20231243,B-D08,sample,liquid,EXP 50,B-D08,11-15-2023,3,,400,2.125,20,,,,,DS,,TGFBS (Liquid DMEM),,11-29-2023,0.257,Plate3,A7,,0.257,,,7.357914914543224,0.7817784596702175,,
247,43,HP45-20231243,B-D08,sample,liquid,EXP 50,B-D08,11-15-2023,3,,400,2.125,20,,,,,DS,,TGFBS (Liquid DMEM),,11-29-2023,0.257,Plate3,B7,,0.257,,,7.357914914543224,0.7817784596702175,,
248,43,HP45-20231243,B-D08,sample,liquid,EXP 50,B-D08,11-15-2023,3,,400,2.125,20,,,,,DS,,TGFBS (Liquid DMEM),,11-29-2023,0.267,Plate3,C7,,0.267,,,7.853131337994643,0.8343952046619308,,
249,43,HP45-20231243,B-D08,sample,liquid,EXP 50,B-D08,11-15-2023,3,,400,2.125,20,,,,,DS,,TGFBS (Liquid DMEM),,11-29-2023,0.264,Plate3,D7,,0.264,,,7.704566410959217,0.8186101811644169,,
250,87,HP45-20231287,B-D08,sample,liquid,No_ChT_EXP50_,No_ChT_EXP50_B-D08,11-15-2023,3,,400,2.125,20,,,,,DS,,TGFBS (Liquid DMEM),,11-29-2023,0.142,Plate3,E7,,0.142,,,1.6629260448519094,0.1766858922655154,,
251,87,HP45-20231287,B-D08,sample,liquid,No_ChT_EXP50_,No_ChT_EXP50_B-D08,11-15-2023,3,,400,2.125,20,,,,,DS,,TGFBS (Liquid DMEM),,11-29-2023,0.143,Plate3,F7,,0.143,,,1.7124476871970513,0.18194756676468668,,
252,87,HP45-20231287,B-D08,sample,liquid,No_ChT_EXP50_,No_ChT_EXP50_B-D08,11-15-2023,3,,400,2.125,20,,,,,DS,,TGFBS (Liquid DMEM),,11-29-2023,0.143,Plate3,G7,,0.143,,,1.7124476871970513,0.18194756676468668,,
253,44,HP45-20231244,B-D08,sample,liquid,EXP 50,B-D08,11-15-2023,4,,400,2.125,20,,,,,DS,,TGFBS (Liquid DMEM),,11-29-2023,0.288,Plate3,A8,,0.288,,,8.893085827242619,0.9448903691445282,,
254,44,HP45-20231244,B-D08,sample,liquid,EXP 50,B-D08,11-15-2023,4,,400,2.125,20,,,,,DS,,TGFBS (Liquid DMEM),,11-29-2023,0.303,Plate3,B8,,0.303,,,9.635910462419748,1.023815486632098,,
255,44,HP45-20231244,B-D08,sample,liquid,EXP 50,B-D08,11-15-2023,4,,400,2.125,20,,,,,DS,,TGFBS (Liquid DMEM),,11-29-2023,0.299,Plate3,C8,,0.299,,,9.43782389303918,1.0027687886354129,,
256,44,HP45-20231244,B-D08,sample,liquid,EXP 50,B-D08,11-15-2023,4,,400,2.125,20,,,,,DS,,TGFBS (Liquid DMEM),,11-29-2023,0.297,Plate3,D8,,0.297,,,9.338780608348896,0.9922454396370702,,
257,88,HP45-20231288,B-D08,sample,liquid,No_ChT_EXP50_,No_ChT_EXP50_B-D08,11-15-2023,4,,400,2.125,20,,,,,DS,,TGFBS (Liquid DMEM),,11-29-2023,0.164,Plate3,E8,,0.164,,,2.752402176445031,0.2924427312472846,,
258,88,HP45-20231288,B-D08,sample,liquid,No_ChT_EXP50_,No_ChT_EXP50_B-D08,11-15-2023,4,,400,2.125,20,,,,,DS,,TGFBS (Liquid DMEM),,11-29-2023,0.154,Plate3,F8,,0.154,,,2.257185752993612,0.23982598625557128,,
259,88,HP45-20231288,B-D08,sample,liquid,No_ChT_EXP50_,No_ChT_EXP50_B-D08,11-15-2023,4,,400,2.125,20,,,,,DS,,TGFBS (Liquid DMEM),,11-29-2023,0.159,Plate3,G8,,0.159,,,2.5047939647193225,0.266134358751428,,
260,45,HP45-20231245,B-D09,sample,liquid,EXP 50,B-D09,11-16-2023,1,,400,2.125,20,,,,,DS,,TGFBS (Liquid DMEM),,11-29-2023,0.277,Plate3,A9,,0.277,,,8.348347761446062,0.8870119496536442,,
261,45,HP45-20231245,B-D09,sample,liquid,EXP 50,B-D09,11-16-2023,1,,400,2.125,20,,,,,DS,,TGFBS (Liquid DMEM),,11-29-2023,0.269,Plate3,B9,,0.269,,,7.952174622684927,0.8449185536602735,,
262,45,HP45-20231245,B-D09,sample,liquid,EXP 50,B-D09,11-16-2023,1,,400,2.125,20,,,,,DS,,TGFBS (Liquid DMEM),,11-29-2023,0.254,Plate3,C9,,0.254,,,7.209349987507798,0.7659934361727035,,
263,45,HP45-20231245,B-D09,sample,liquid,EXP 50,B-D09,11-16-2023,1,,400,2.125,20,,,,,DS,,TGFBS (Liquid DMEM),,11-29-2023,0.262,Plate3,D9,,0.262,,,7.605523126268933,0.8080868321660741,,
264,89,HP45-20231289,B-D09,sample,liquid,No_ChT_EXP50_,No_ChT_EXP50_B-D09,11-16-2023,1,,400,2.125,20,,,,,DS,,TGFBS (Liquid DMEM),,11-29-2023,0.159,Plate3,E9,,0.159,,,2.5047939647193225,0.266134358751428,,
265,89,HP45-20231289,B-D09,sample,liquid,No_ChT_EXP50_,No_ChT_EXP50_B-D09,11-16-2023,1,,400,2.125,20,,,,,DS,,TGFBS (Liquid DMEM),,11-29-2023,0.159,Plate3,F9,,0.159,,,2.5047939647193225,0.266134358751428,,
266,89,HP45-20231289,B-D09,sample,liquid,No_ChT_EXP50_,No_ChT_EXP50_B-D09,11-16-2023,1,,400,2.125,20,,,,,DS,,TGFBS (Liquid DMEM),,11-29-2023,0.159,Plate3,G9,,0.159,,,2.5047939647193225,0.266134358751428,,
267,46,HP45-20231246,B-D09,sample,liquid,EXP 50,B-D09,11-16-2023,2,,400,2.125,20,,,,,DS,,TGFBS (Liquid DMEM),,11-29-2023,0.257,Plate3,A10,,0.257,,,7.357914914543224,0.7817784596702175,,
268,46,HP45-20231246,B-D09,sample,liquid,EXP 50,B-D09,11-16-2023,2,,400,2.125,20,,,,,DS,,TGFBS (Liquid DMEM),,11-29-2023,0.261,Plate3,B10,,0.261,,,7.556001483923792,0.8028251576669029,,
269,46,HP45-20231246,B-D09,sample,liquid,EXP 50,B-D09,11-16-2023,2,,400,2.125,20,,,,,DS,,TGFBS (Liquid DMEM),,11-29-2023,0.262,Plate3,C10,,0.262,,,7.605523126268933,0.8080868321660741,,
270,46,HP45-20231246,B-D09,sample,liquid,EXP 50,B-D09,11-16-2023,2,,400,2.125,20,,,,,DS,,TGFBS (Liquid DMEM),,11-29-2023,0.268,Plate3,D10,,0.268,,,7.902652980339784,0.839656879161102,,
271,90,HP45-20231290,B-D09,sample,liquid,No_ChT_EXP50_,No_ChT_EXP50_B-D09,11-16-2023,2,,400,2.125,20,,,,,DS,,TGFBS (Liquid DMEM),,11-29-2023,0.146,Plate3,E10,,0.146,,,1.861012614232477,0.1977325902622007,,
272,90,HP45-20231290,B-D09,sample,liquid,No_ChT_EXP50_,No_ChT_EXP50_B-D09,11-16-2023,2,,400,2.125,20,,,,,DS,,TGFBS (Liquid DMEM),,11-29-2023,0.151,Plate3,F10,,0.151,,,2.1086208259581865,0.22404096275805732,,
273,90,HP45-20231290,B-D09,sample,liquid,No_ChT_EXP50_,No_ChT_EXP50_B-D09,11-16-2023,2,,400,2.125,20,,,,,DS,,TGFBS (Liquid DMEM),,11-29-2023,0.149,Plate3,G10,,0.149,,,2.0095775412679027,0.21351761375971465,,
274,47,HP45-20231247,B-D09,sample,liquid,EXP 50,B-D09,11-16-2023,3,,400,2.125,20,,,,,DS,,TGFBS (Liquid DMEM),,11-29-2023,0.294,Plate3,A11,,0.294,,,9.19021568131347,0.9764604161395561,,
275,47,HP45-20231247,B-D09,sample,liquid,EXP 50,B-D09,11-16-2023,3,,400,2.125,20,,,,,DS,,TGFBS (Liquid DMEM),,11-29-2023,0.292,Plate3,B11,,0.292,,,9.091172396623186,0.9659370671412135,,
276,47,HP45-20231247,B-D09,sample,liquid,EXP 50,B-D09,11-16-2023,3,,400,2.125,20,,,,,DS,,TGFBS (Liquid DMEM),,11-29-2023,0.283,Plate3,C11,,0.283,,,8.64547761551691,0.9185819966486717,,
277,47,HP45-20231247,B-D09,sample,liquid,EXP 50,B-D09,11-16-2023,3,,400,2.125,20,,,,,DS,,TGFBS (Liquid DMEM),,11-29-2023,0.29,Plate3,D11,,0.29,,,8.992129111932902,0.9554137181428709,,
278,91,HP45-20231291,B-D09,sample,liquid,No_ChT_EXP50_,No_ChT_EXP50_B-D09,11-16-2023,3,,400,2.125,20,,,,,DS,,TGFBS (Liquid DMEM),,11-29-2023,0.148,Plate3,E11,,0.148,,,1.9600558989227608,0.2082559392605433,,
279,91,HP45-20231291,B-D09,sample,liquid,No_ChT_EXP50_,No_ChT_EXP50_B-D09,11-16-2023,3,,400,2.125,20,,,,,DS,,TGFBS (Liquid DMEM),,11-29-2023,0.154,Plate3,F11,,0.154,,,2.257185752993612,0.23982598625557128,,
280,91,HP45-20231291,B-D09,sample,liquid,No_ChT_EXP50_,No_ChT_EXP50_B-D09,11-16-2023,3,,400,2.125,20,,,,,DS,,TGFBS (Liquid DMEM),,11-29-2023,0.179,Plate3,G11,,0.179,,,3.4952268116221585,0.37136784873485434,,
281,48,HP45-20231248,B-D09,sample,liquid,EXP 50,B-D09,11-16-2023,4,,400,2.125,20,,,,,DS,,TGFBS (Liquid DMEM),,11-29-2023,0.3,Plate3,A12,,0.3,,,9.487345535384321,1.0080304631345842,,
282,48,HP45-20231248,B-D09,sample,liquid,EXP 50,B-D09,11-16-2023,4,,400,2.125,20,,,,,DS,,TGFBS (Liquid DMEM),,11-29-2023,0.298,Plate3,B12,,0.298,,,9.388302250694037,0.9975071141362415,,
283,48,HP45-20231248,B-D09,sample,liquid,EXP 50,B-D09,11-16-2023,4,,400,2.125,20,,,,,DS,,TGFBS (Liquid DMEM),,11-29-2023,0.292,Plate3,C12,,0.292,,,9.091172396623186,0.9659370671412135,,
284,48,HP45-20231248,B-D09,sample,liquid,EXP 50,B-D09,11-16-2023,4,,400,2.125,20,,,,,DS,,TGFBS (Liquid DMEM),,11-29-2023,0.319,Plate3,D12,,0.319,,,10.428256739942018,1.1080022786188395,,
285,92,HP45-20231292,B-D09,sample,liquid,No_ChT_EXP50_,No_ChT_EXP50_B-D09,11-16-2023,4,,400,2.125,20,,,,,DS,,TGFBS (Liquid DMEM),,11-29-2023,0.166,Plate3,E12,,0.166,,,2.851445461135315,0.30296608024562716,,
286,92,HP45-20231292,B-D09,sample,liquid,No_ChT_EXP50_,No_ChT_EXP50_B-D09,11-16-2023,4,,400,2.125,20,,,,,DS,,TGFBS (Liquid DMEM),,11-29-2023,0.166,Plate3,F12,,0.166,,,2.851445461135315,0.30296608024562716,,
287,92,HP45-20231292,B-D09,sample,liquid,No_ChT_EXP50_,No_ChT_EXP50_B-D09,11-16-2023,4,,400,2.125,20,,,,,DS,,TGFBS (Liquid DMEM),,11-29-2023,0.165,Plate3,G12,,0.165,,,2.801923818790174,0.297704405746456,,
288,8,HP45-20231208,S4,standard,liquid,231108,s4,11-28-2023,1,,1000,1,20,,,,,DS,0.8,,,11-29-2023,1.022,Plate4,H2,,1.022,0.9978128570307425,,,,,
289,9,HP45-20231209,S3,standard,liquid,231108,s3,11-28-2023,1,,1000,1,20,,,,,DS,0.6,,,11-29-2023,0.762,Plate4,H3,,0.762,0.9978128570307425,,,,,
290,10,HP45-20231210,S2,standard,liquid,231108,s2,11-28-2023,1,,1000,1,20,,,,,DS,0.4,,,11-29-2023,0.551,Plate4,H4,,0.551,0.9978128570307425,,,,,
291,11,HP45-20231211,S1,standard,liquid,231108,s1,11-28-2023,1,,1000,1,20,,,,,DS,0.2,,,11-29-2023,0.314,Plate4,H5,,0.314,0.9978128570307425,,,,,
292,12,HP45-20231212,S0,standard,liquid,231108,s0,11-28-2023,1,,1000,1,20,,,,,DS,0,,,11-29-2023,0.086,Plate4,H6,,0.086,0.9978128570307425,,,,,
293,8,HP45-20231208,S4,standard,liquid,231108,s4,11-28-2023,1,,1000,1,20,,,,,DS,0.8,,,11-29-2023,0.967,Plate4,H8,,0.967,0.9978128570307425,,,,,
294,9,HP45-20231209,S3,standard,liquid,231108,s3,11-28-2023,1,,1000,1,20,,,,,DS,0.6,,,11-29-2023,0.755,Plate4,H9,,0.755,0.9978128570307425,,,,,
295,10,HP45-20231210,S2,standard,liquid,231108,s2,11-28-2023,1,,1000,1,20,,,,,DS,0.4,,,11-29-2023,0.546,Plate4,H10,,0.546,0.9978128570307425,,,,,
296,11,HP45-20231211,S1,standard,liquid,231108,s1,11-28-2023,1,,1000,1,20,,,,,DS,0.2,,,11-29-2023,0.336,Plate4,H11,,0.336,0.9978128570307425,,,,,
297,12,HP45-20231212,S0,standard,liquid,231108,s0,11-28-2023,1,,1000,1,20,,,,,DS,0,,,11-29-2023,0.087,Plate4,H12,,0.087,0.9978128570307425,,,,,
298,49,HP45-20231249,B-D10,sample,liquid,EXP 50,B-D10,11-17-2023,1,,400,2.125,20,,,,,DS,,TGFBS (Liquid DMEM),,11-29-2023,0.282,Plate4,A1,,0.282,,,8.44054098500949,0.8968074796572583,,
299,49,HP45-20231249,B-D10,sample,liquid,EXP 50,B-D10,11-17-2023,1,,400,2.125,20,,,,,DS,,TGFBS (Liquid DMEM),,11-29-2023,0.271,Plate4,B1,,0.271,,,7.952612937561696,0.8449651246159302,,
300,49,HP45-20231249,B-D10,sample,liquid,EXP 50,B-D10,11-17-2023,1,,400,2.125,20,,,,,DS,,TGFBS (Liquid DMEM),,11-29-2023,0.279,Plate4,C1,,0.279,,,8.307469699341912,0.8826686555550781,,
301,49,HP45-20231249,B-D10,sample,liquid,EXP 50,B-D10,11-17-2023,1,,400,2.125,20,,,,,DS,,TGFBS (Liquid DMEM),,11-29-2023,0.27,Plate4,D1,,0.27,,,7.90825584233917,0.8402521832485367,,
302,93,HP45-20231293,B-D10,sample,liquid,No_ChT_EXP50_,No_ChT_EXP50_B-D10,11-17-2023,1,,400,2.125,20,,,,,DS,,TGFBS (Liquid DMEM),,11-29-2023,0.14,Plate4,E1,,0.14,,,2.1418334634106717,0.22756980548738387,,
303,93,HP45-20231293,B-D10,sample,liquid,No_ChT_EXP50_,No_ChT_EXP50_B-D10,11-17-2023,1,,400,2.125,20,,,,,DS,,TGFBS (Liquid DMEM),,11-29-2023,0.136,Plate4,F1,,0.136,,,1.964405082520564,0.2087180400178099,,
304,93,HP45-20231293,B-D10,sample,liquid,No_ChT_EXP50_,No_ChT_EXP50_B-D10,11-17-2023,1,,400,2.125,20,,,,,DS,,TGFBS (Liquid DMEM),,11-29-2023,0.134,Plate4,G1,,0.134,,,1.87569089207551,0.19929215728302294,,
305,50,HP45-20231250,B-D10,sample,liquid,EXP 50,B-D10,11-17-2023,2,,400,2.125,20,,,,,DS,,TGFBS (Liquid DMEM),,11-29-2023,0.277,Plate4,A2,,0.277,,,8.218755508896859,0.8732427728202913,,
306,50,HP45-20231250,B-D10,sample,liquid,EXP 50,B-D10,11-17-2023,2,,400,2.125,20,,,,,DS,,TGFBS (Liquid DMEM),,11-29-2023,0.272,Plate4,B2,,0.272,,,7.996970032784223,0.8496780659833237,,
307,50,HP45-20231250,B-D10,sample,liquid,EXP 50,B-D10,11-17-2023,2,,400,2.125,20,,,,,DS,,TGFBS (Liquid DMEM),,11-29-2023,0.275,Plate4,C2,,0.275,,,8.130041318451804,0.8638168900855041,,
308,50,HP45-20231250,B-D10,sample,liquid,EXP 50,B-D10,11-17-2023,2,,400,2.125,20,,,,,DS,,TGFBS (Liquid DMEM),,11-29-2023,0.277,Plate4,D2,,0.277,,,8.218755508896859,0.8732427728202913,,
309,94,HP45-20231294,B-D10,sample,liquid,No_ChT_EXP50_,No_ChT_EXP50_B-D10,11-17-2023,2,,400,2.125,20,,,,,DS,,TGFBS (Liquid DMEM),,11-29-2023,0.135,Plate4,E2,,0.135,,,1.9200479872980374,0.2040050986504165,,
310,94,HP45-20231294,B-D10,sample,liquid,No_ChT_EXP50_,No_ChT_EXP50_B-D10,11-17-2023,2,,400,2.125,20,,,,,DS,,TGFBS (Liquid DMEM),,11-29-2023,0.137,Plate4,F2,,0.137,,,2.0087621777430913,0.21343098138520347,,
311,94,HP45-20231294,B-D10,sample,liquid,No_ChT_EXP50_,No_ChT_EXP50_B-D10,11-17-2023,2,,400,2.125,20,,,,,DS,,TGFBS (Liquid DMEM),,11-29-2023,0.128,Plate4,G2,,0.128,,,1.6095483207403483,0.171014509078662,,
312,51,HP45-20231251,B-D10,sample,liquid,EXP 50,B-D10,11-17-2023,3,,400,2.125,20,,,,,DS,,TGFBS (Liquid DMEM),,11-29-2023,0.302,Plate4,A3,,0.302,,,9.327682889460029,0.991066307005128,,
313,51,HP45-20231251,B-D10,sample,liquid,EXP 50,B-D10,11-17-2023,3,,400,2.125,20,,,,,DS,,TGFBS (Liquid DMEM),,11-29-2023,0.298,Plate4,B3,,0.298,,,9.15025450856992,0.9722145415355541,,
314,51,HP45-20231251,B-D10,sample,liquid,EXP 50,B-D10,11-17-2023,3,,400,2.125,20,,,,,DS,,TGFBS (Liquid DMEM),,11-29-2023,0.289,Plate4,C3,,0.289,,,8.751040651567179,0.9297980692290128,,
315,51,HP45-20231251,B-D10,sample,liquid,EXP 50,B-D10,11-17-2023,3,,400,2.125,20,,,,,DS,,TGFBS (Liquid DMEM),,11-29-2023,0.295,Plate4,D3,,0.295,,,9.017183222902341,0.9580757174333737,,
316,95,HP45-20231295,B-D10,sample,liquid,No_ChT_EXP50_,No_ChT_EXP50_B-D10,11-17-2023,3,,400,2.125,20,,,,,DS,,TGFBS (Liquid DMEM),,11-29-2023,0.136,Plate4,E3,,0.136,,,1.964405082520564,0.2087180400178099,,
317,95,HP45-20231295,B-D10,sample,liquid,No_ChT_EXP50_,No_ChT_EXP50_B-D10,11-17-2023,3,,400,2.125,20,,,,,DS,,TGFBS (Liquid DMEM),,11-29-2023,0.129,Plate4,F3,,0.129,,,1.6539054159628757,0.17572745044605556,,
318,95,HP45-20231295,B-D10,sample,liquid,No_ChT_EXP50_,No_ChT_EXP50_B-D10,11-17-2023,3,,400,2.125,20,,,,,DS,,TGFBS (Liquid DMEM),,11-29-2023,0.13,Plate4,G3,,0.13,,,1.6982625111854022,0.18044039181344898,,
319,52,HP45-20231252,B-D10,sample,liquid,EXP 50,B-D10,11-17-2023,4,,400,2.125,20,,,,,DS,,TGFBS (Liquid DMEM),,11-29-2023,0.356,Plate4,A4,,0.356,,,11.722966031476481,1.245565140844376,,
320,52,HP45-20231252,B-D10,sample,liquid,EXP 50,B-D10,11-17-2023,4,,400,2.125,20,,,,,DS,,TGFBS (Liquid DMEM),,11-29-2023,0.291,Plate4,B4,,0.291,,,8.839754842012233,0.9392239519637997,,
321,52,HP45-20231252,B-D10,sample,liquid,EXP 50,B-D10,11-17-2023,4,,400,2.125,20,,,,,DS,,TGFBS (Liquid DMEM),,11-29-2023,0.297,Plate4,C4,,0.297,,,9.105897413347394,0.9675016001681607,,
322,52,HP45-20231252,B-D10,sample,liquid,EXP 50,B-D10,11-17-2023,4,,400,2.125,20,,,,,DS,,TGFBS (Liquid DMEM),,11-29-2023,0.291,Plate4,D4,,0.291,,,8.839754842012233,0.9392239519637997,,
323,96,HP45-20231296,B-D10,sample,liquid,No_ChT_EXP50_,No_ChT_EXP50_B-D10,11-17-2023,4,,400,2.125,20,,,,,DS,,TGFBS (Liquid DMEM),,11-29-2023,0.144,Plate4,E4,,0.144,,,2.3192618443007786,0.24642157095695774,,
324,96,HP45-20231296,B-D10,sample,liquid,No_ChT_EXP50_,No_ChT_EXP50_B-D10,11-17-2023,4,,400,2.125,20,,,,,DS,,TGFBS (Liquid DMEM),,11-29-2023,0.14,Plate4,F4,,0.14,,,2.1418334634106717,0.22756980548738387,,
325,96,HP45-20231296,B-D10,sample,liquid,No_ChT_EXP50_,No_ChT_EXP50_B-D10,11-17-2023,4,,400,2.125,20,,,,,DS,,TGFBS (Liquid DMEM),,11-29-2023,0.138,Plate4,G4,,0.138,,,2.053119272965618,0.2181439227525969,,
326,53,HP45-20231253,B-D11,sample,liquid,EXP 50,B-D11,11-18-2023,1,,400,2.125,20,,,,,DS,,TGFBS (Liquid DMEM),,11-29-2023,0.448,Plate4,A5,,0.448,,,15.803818791948956,1.6791557466445766,,
327,53,HP45-20231253,B-D11,sample,liquid,EXP 50,B-D11,11-18-2023,1,,400,2.125,20,,,,,DS,,TGFBS (Liquid DMEM),,11-29-2023,0.285,Plate4,B5,,0.285,,,8.57361227067707,0.9109463037594389,,
328,53,HP45-20231253,B-D11,sample,liquid,EXP 50,B-D11,11-18-2023,1,,400,2.125,20,,,,,DS,,TGFBS (Liquid DMEM),,11-29-2023,0.276,Plate4,C5,,0.276,,,8.17439841367433,0.8685298314528976,,
329,53,HP45-20231253,B-D11,sample,liquid,EXP 50,B-D11,11-18-2023,1,,400,2.125,20,,,,,DS,,TGFBS (Liquid DMEM),,11-29-2023,0.268,Plate4,D5,,0.268,,,7.819541651894115,0.8308263005137497,,
330,97,HP45-20231297,B-D11,sample,liquid,No_ChT_EXP50_,No_ChT_EXP50_B-D11,11-18-2023,1,,400,2.125,20,,,,,DS,,TGFBS (Liquid DMEM),,11-29-2023,0.186,Plate4,E5,,0.186,,,4.182259843646909,0.44436510838748405,,
331,97,HP45-20231297,B-D11,sample,liquid,No_ChT_EXP50_,No_ChT_EXP50_B-D11,11-18-2023,1,,400,2.125,20,,,,,DS,,TGFBS (Liquid DMEM),,11-29-2023,0.199,Plate4,F5,,0.199,,,4.758902081539759,0.5056333461635993,,
332,97,HP45-20231297,B-D11,sample,liquid,No_ChT_EXP50_,No_ChT_EXP50_B-D11,11-18-2023,1,,400,2.125,20,,,,,DS,,TGFBS (Liquid DMEM),,11-29-2023,0.211,Plate4,G5,,0.211,,,5.291187224210081,0.5621886425723212,,
333,54,HP45-20231254,B-D11,sample,liquid,EXP 50,B-D11,11-18-2023,2,,400,2.125,20,,,,,DS,,TGFBS (Liquid DMEM),,11-29-2023,0.327,Plate4,A6,,0.327,,,10.436610270023202,1.108889841189965,,
334,54,HP45-20231254,B-D11,sample,liquid,EXP 50,B-D11,11-18-2023,2,,400,2.125,20,,,,,DS,,TGFBS (Liquid DMEM),,11-29-2023,0.304,Plate4,B6,,0.304,,,9.416397079905083,1.000492189739915,,
335,54,HP45-20231254,B-D11,sample,liquid,EXP 50,B-D11,11-18-2023,2,,400,2.125,20,,,,,DS,,TGFBS (Liquid DMEM),,11-29-2023,0.31,Plate4,C6,,0.31,,,9.682539651240244,1.028769837944276,,
336,54,HP45-20231254,B-D11,sample,liquid,EXP 50,B-D11,11-18-2023,2,,400,2.125,20,,,,,DS,,TGFBS (Liquid DMEM),,11-29-2023,0.305,Plate4,D6,,0.305,,,9.46075417512761,1.0052051311073087,,
337,98,HP45-20231298,B-D11,sample,liquid,No_ChT_EXP50_,No_ChT_EXP50_B-D11,11-18-2023,2,,400,2.125,20,,,,,DS,,TGFBS (Liquid DMEM),,11-29-2023,0.145,Plate4,E6,,0.145,,,2.363618939523305,0.2511345123243512,,
338,98,HP45-20231298,B-D11,sample,liquid,No_ChT_EXP50_,No_ChT_EXP50_B-D11,11-18-2023,2,,400,2.125,20,,,,,DS,,TGFBS (Liquid DMEM),,11-29-2023,0.147,Plate4,F6,,0.147,,,2.452333129968359,0.26056039505913814,,
339,98,HP45-20231298,B-D11,sample,liquid,No_ChT_EXP50_,No_ChT_EXP50_B-D11,11-18-2023,2,,400,2.125,20,,,,,DS,,TGFBS (Liquid DMEM),,11-29-2023,0.146,Plate4,G6,,0.146,,,2.4079760347458325,0.2558474536917447,,
340,55,HP45-20231255,B-D11,sample,liquid,EXP 50,B-D11,11-18-2023,3,,400,2.125,20,,,,,DS,,TGFBS (Liquid DMEM),,11-29-2023,0.334,Plate4,A7,,0.334,,,10.747109936580891,1.1418804307617199,,
341,55,HP45-20231255,B-D11,sample,liquid,EXP 50,B-D11,11-18-2023,3,,400,2.125,20,,,,,DS,,TGFBS (Liquid DMEM),,11-29-2023,0.342,Plate4,B7,,0.342,,,11.101966698361107,1.1795839617008677,,
342,55,HP45-20231255,B-D11,sample,liquid,EXP 50,B-D11,11-18-2023,3,,400,2.125,20,,,,,DS,,TGFBS (Liquid DMEM),,11-29-2023,0.353,Plate4,C7,,0.353,,,11.5898947458089,1.2314263167421955,,
343,55,HP45-20231255,B-D11,sample,liquid,EXP 50,B-D11,11-18-2023,3,,400,2.125,20,,,,,DS,,TGFBS (Liquid DMEM),,11-29-2023,0.361,Plate4,D7,,0.361,,,11.944751507589118,1.2691298476813437,,
344,99,HP45-20231299,B-D11,sample,liquid,No_ChT_EXP50_,No_ChT_EXP50_B-D11,11-18-2023,3,,400,2.125,20,,,,,DS,,TGFBS (Liquid DMEM),,11-29-2023,0.15,Plate4,E7,,0.15,,,2.5854044156359404,0.2746992191613186,,
345,99,HP45-20231299,B-D11,sample,liquid,No_ChT_EXP50_,No_ChT_EXP50_B-D11,11-18-2023,3,,400,2.125,20,,,,,DS,,TGFBS (Liquid DMEM),,11-29-2023,0.147,Plate4,F7,,0.147,,,2.452333129968359,0.26056039505913814,,
346,99,HP45-20231299,B-D11,sample,liquid,No_ChT_EXP50_,No_ChT_EXP50_B-D11,11-18-2023,3,,400,2.125,20,,,,,DS,,TGFBS (Liquid DMEM),,11-29-2023,0.146,Plate4,G7,,0.146,,,2.4079760347458325,0.2558474536917447,,
347,56,HP45-20231256,B-D11,sample,liquid,EXP 50,B-D11,11-18-2023,4,,400,2.125,20,,,,,DS,,TGFBS (Liquid DMEM),,11-29-2023,0.445,Plate4,A8,,0.445,,,15.670747506281376,1.6650169225423963,,
348,56,HP45-20231256,B-D11,sample,liquid,EXP 50,B-D11,11-18-2023,4,,400,2.125,20,,,,,DS,,TGFBS (Liquid DMEM),,11-29-2023,0.433,Plate4,B8,,0.433,,,15.138462363611055,1.6084616261336744,,
349,56,HP45-20231256,B-D11,sample,liquid,EXP 50,B-D11,11-18-2023,4,,400,2.125,20,,,,,DS,,TGFBS (Liquid DMEM),,11-29-2023,0.445,Plate4,C8,,0.445,,,15.670747506281376,1.6650169225423963,,
350,56,HP45-20231256,B-D11,sample,liquid,EXP 50,B-D11,11-18-2023,4,,400,2.125,20,,,,,DS,,TGFBS (Liquid DMEM),,11-29-2023,0.431,Plate4,D8,,0.431,,,15.049748173165998,1.5990357433988873,,
351,100,HP45-20231300,B-D11,sample,liquid,No_ChT_EXP50_,No_ChT_EXP50_B-D11,11-18-2023,4,,400,2.125,20,,,,,DS,,TGFBS (Liquid DMEM),,11-29-2023,0.207,Plate4,E8,,0.207,,,5.113758843319973,0.5433368771027471,,
352,100,HP45-20231300,B-D11,sample,liquid,No_ChT_EXP50_,No_ChT_EXP50_B-D11,11-18-2023,4,,400,2.125,20,,,,,DS,,TGFBS (Liquid DMEM),,11-29-2023,0.193,Plate4,F8,,0.193,,,4.492759510204598,0.47735569795923855,,
353,100,HP45-20231300,B-D11,sample,liquid,No_ChT_EXP50_,No_ChT_EXP50_B-D11,11-18-2023,4,,400,2.125,20,,,,,DS,,TGFBS (Liquid DMEM),,11-29-2023,0.199,Plate4,G8,,0.199,,,4.758902081539759,0.5056333461635993,,
354,1,HP45-20231201,Gelatin_5,sample,liquid,231116,Gelatin_5,11-28-2023,1,,1000,1,20,,,,,DS,1.05,,,11-29-2023,1.348,Plate4,A9,,1.348,,,55.72520449222317,2.7862602246111585,,
355,2,HP45-20231202,Gelatin_5,sample,liquid,231116,Gelatin_5,11-28-2023,2,,1000,1,20,,,,,DS,1.05,,,11-29-2023,1.448,Plate4,B9,,1.448,,,60.160914014475864,3.0080457007237933,,
356,3,HP45-20231203,Gelatin_2.5,sample,liquid,231116,Gelatin_2.5,11-28-2023,1,,1000,1,20,,,,,DS,0.525,,,11-29-2023,1.364,Plate4,C9,,1.364,,,56.43491801578361,2.8217459007891805,,
357,4,HP45-20231204,Gelatin_2.5,sample,liquid,231116,Gelatin_2.5,11-28-2023,2,,1000,1,20,,,,,DS,0.525,,,11-29-2023,1.371,Plate4,D9,,1.371,,,56.745417682341284,2.837270884117064,,
358,5,HP45-20231205,Gelatin_0,sample,liquid,231116,Gelatin_0,11-28-2023,1,,1000,1,20,,,,,DS,0,,,11-29-2023,0.092,Plate4,E9,,0.092,,,0.012692892729379679,0.0006346446364689839,,
359,5,HP45-20231205,Gelatin_0,sample,liquid,231116,Gelatin_0,11-28-2023,1,,1000,1,20,,,,,DS,0,,,11-29-2023,0.086,Plate4,F9,,0.086,,,-0.2534496786057816,-0.01267248393028908,,
360,1,HP45-20231201,Gelatin_5,sample,liquid,231116,Gelatin_5,11-28-2023,1,,1000,1,20,,,,,DS,1.05,,,11-29-2023,1.41,Plate4,A10,,1.41,,,58.475344396019835,2.923767219800992,,
361,2,HP45-20231202,Gelatin_5,sample,liquid,231116,Gelatin_5,11-28-2023,2,,1000,1,20,,,,,DS,1.05,,,11-29-2023,1.448,Plate4,B10,,1.448,,,60.160914014475864,3.0080457007237933,,
362,3,HP45-20231203,Gelatin_2.5,sample,liquid,231116,Gelatin_2.5,11-28-2023,1,,1000,1,20,,,,,DS,0.525,,,11-29-2023,1.397,Plate4,C10,,1.397,,,57.89870215812698,2.894935107906349,,
363,4,HP45-20231204,Gelatin_2.5,sample,liquid,231116,Gelatin_2.5,11-28-2023,2,,1000,1,20,,,,,DS,0.525,,,11-29-2023,1.536,Plate4,D10,,1.536,,,64.06433839405823,3.2032169197029114,,
364,5,HP45-20231205,Gelatin_0,sample,liquid,231116,Gelatin_0,11-28-2023,1,,1000,1,20,,,,,DS,0,,,11-29-2023,0.089,Plate4,E10,,0.089,,,-0.12037839293820074,-0.006018919646910037,,
365,5,HP45-20231205,Gelatin_0,sample,liquid,231116,Gelatin_0,11-28-2023,1,,1000,1,20,,,,,DS,0,,,11-29-2023,0.085,Plate4,F10,,0.085,,,-0.2978067738283081,-0.014890338691415405,,
366,3,HP45-20231203,Gelatin_2.5,sample,liquid,231116,Gelatin_2.5,11-28-2023,1,,1000,1,20,,,,,DS,0.525,,,11-29-2023,0.743,Plate4,A11,,0.743,,,28.88916188259439,1.4444580941297196,,
367,4,HP45-20231204,Gelatin_2.5,sample,liquid,231116,Gelatin_2.5,11-28-2023,2,,1000,1,20,,,,,DS,0.525,,,11-29-2023,0.748,Plate4,B11,,0.748,,,29.110947358707026,1.4555473679353512,,
368,5,HP45-20231205,Gelatin_0,sample,liquid,231116,Gelatin_0,11-28-2023,1,,1000,1,20,,,,,DS,0,,,11-29-2023,0.76,Plate4,C11,,0.76,,,29.64323250137735,1.4821616250688676,,
369,6,HP45-20231206,Gelatin_0,sample,liquid,231116,Gelatin_0,11-28-2023,2,,1000,1,20,,,,,DS,0,,,11-29-2023,0.798,Plate4,D11,,0.798,,,31.328802119833373,1.5664401059916686,,
370,5,HP45-20231205,Gelatin_0,sample,liquid,231116,Gelatin_0,11-28-2023,1,,1000,1,20,,,,,DS,0,,,11-29-2023,0.09,Plate4,E11,,0.09,,,-0.07602129771567379,-0.0038010648857836893,,
371,5,HP45-20231205,Gelatin_0,sample,liquid,231116,Gelatin_0,11-28-2023,1,,1000,1,20,,,,,DS,0,,,11-29-2023,0.085,Plate4,F11,,0.085,,,-0.2978067738283081,-0.014890338691415405,,
372,3,HP45-20231203,Gelatin_2.5,sample,liquid,231116,Gelatin_2.5,11-28-2023,1,,1000,1,20,,,,,DS,0.525,,,11-29-2023,0.768,Plate4,A12,,0.768,,,29.998089263157564,1.4999044631578782,,
373,4,HP45-20231204,Gelatin_2.5,sample,liquid,231116,Gelatin_2.5,11-28-2023,2,,1000,1,20,,,,,DS,0.525,,,11-29-2023,0.736,Plate4,B12,,0.736,,,28.5786622160367,1.428933110801835,,
374,5,HP45-20231205,Gelatin_0,sample,liquid,231116,Gelatin_0,11-28-2023,1,,1000,1,20,,,,,DS,0,,,11-29-2023,0.722,Plate4,C12,,0.722,,,27.95766288292133,1.3978831441460664,,
375,6,HP45-20231206,Gelatin_0,sample,liquid,231116,Gelatin_0,11-28-2023,2,,1000,1,20,,,,,DS,0,,,11-29-2023,0.734,Plate4,D12,,0.734,,,28.489948025591648,1.4244974012795824,,
376,5,HP45-20231205,Gelatin_0,sample,liquid,231116,Gelatin_0,11-28-2023,1,,1000,1,20,,,,,DS,0,,,11-29-2023,0.089,Plate4,E12,,0.089,,,-0.12037839293820074,-0.006018919646910037,,
377,5,HP45-20231205,Gelatin_0,sample,liquid,231116,Gelatin_0,11-28-2023,1,,1000,1,20,,,,,DS,0,,,11-29-2023,0.084,Plate4,F12,,0.084,,,-0.34216386905083507,-0.017108193452541755,,
